"DATA_YEAR","WEAPON_ID","OFFENSE_ID","NIBRS_WEAPON_ID"
2020,12,158400390,32438153
2020,12,158395335,32448035
2020,12,158395301,32448030
2020,2,158395343,32448037
2020,12,162287327,33503569
2020,18,162284395,33503573
2020,12,162284407,33503575
2020,12,162287416,33507983
2020,18,162284539,33503602
2020,12,162284578,33508006
2020,20,162284746,33503649
2020,20,162287754,33503658
2020,12,162284906,33503674
2020,9,162284968,33503684
2020,3,162288068,33503705
2020,12,162285205,33503729
2020,20,162285377,33508137
2020,20,162288385,33508138
2020,9,162288392,33508141
2020,12,162285437,33508147
2020,12,162285461,33503771
2020,12,159622585,32804121
2020,9,159622652,32804136
2020,12,159619825,32794833
2020,12,162284462,33507982
2020,20,160868383,33143329
2020,2,160863997,33143341
2020,4,160868555,33146829
2020,12,160868734,33146867
2020,20,162284378,33503568
2020,20,162284377,33507967
2020,12,162284561,33508000
2020,12,162284574,33503615
2020,12,162287692,33503648
2020,12,162288217,33508113
2020,20,162288389,33508139
2020,20,162288399,33508143
2020,12,160868477,33146815
2020,12,160864010,33146820
2020,10,158395881,32448126
2020,12,158400718,32448132
2020,12,158396033,32448147
2020,20,158396057,32448153
2020,12,158396104,32448159
2020,20,158400979,32438220
2020,12,158401700,32448228
2020,17,158395948,32448134
2020,12,158396148,32438207
2020,12,158400874,32438212
2020,20,158406344,32438265
2020,20,158401965,32448264
2020,20,158401021,32448207
2020,20,158401562,32448217
2020,12,158395491,32448059
2020,12,159619875,32804153
2020,12,158396037,32448148
2020,12,158401522,32448208
2020,12,159620011,32804174
2020,12,159620134,32804189
2020,20,159622993,32794896
2020,12,159623126,32794935
2020,20,159623132,32804236
2020,12,162287413,33503581
2020,12,162284516,33503598
2020,12,162284563,33503610
2020,12,162287543,33508017
2020,17,162287539,33508014
2020,12,162287539,33508013
2020,20,162287753,33503657
2020,12,158400386,32438152
2020,12,158401098,32438232
2020,20,158401866,32438256
2020,20,158401874,32448252
2020,9,158395145,32438099
2020,12,158395225,32448007
2020,12,158400262,32448018
2020,12,158395342,32448038
2020,12,160868154,33141745
2020,20,160863826,33143301
2020,12,160869097,33146954
2020,12,159619750,32804120
2020,12,159620249,32804213
2020,14,160864363,33143411
2020,9,160869068,33146942
2020,9,160869122,33146959
2020,12,158395351,32438139
2020,12,158395237,32448011
2020,12,158395259,32448019
2020,12,158395238,32448012
2020,2,158400249,32448016
2020,12,158395429,32448056
2020,12,162287770,33508056
2020,3,159619788,32804133
2020,12,162284510,33503594
2020,12,162284586,33503616
2020,9,162287462,33507992
2020,3,162287487,33507996
2020,19,162288335,33508130
2020,20,162288404,33508144
2020,20,158395547,32448065
2020,12,158401469,32448200
2020,12,160864065,33143351
2020,4,160864187,33143370
2020,12,160864429,33143424
2020,20,160868457,33146811
2020,12,160864061,33146838
2020,12,160868752,33146878
2020,12,160863992,33143337
2020,18,160868500,33146819
2020,20,158400634,32448111
2020,20,158396016,32448141
2020,20,158400869,32448178
2020,20,160863844,33143307
2020,12,160863869,33143311
2020,12,160863987,33143335
2020,12,160868781,33146884
2020,9,160868924,33146911
2020,18,160868927,33143402
2020,9,160864310,33143401
2020,18,158395745,32448102
2020,20,158402000,32448267
2020,12,158395578,32448068
2020,18,158395841,32448120
2020,20,158395842,32448121
2020,20,158395966,32448136
2020,20,158400812,32438203
2020,9,159619759,32794820
2020,12,159620005,32804170
2020,12,159622922,32794880
2020,18,158395883,32448127
2020,20,158396077,32448155
2020,20,158401053,32438228
2020,20,158401877,32448253
2020,20,158401892,32448254
2020,20,158406398,32448265
2020,12,159619847,32804145
2020,12,159622917,32804190
2020,20,159620289,32794914
2020,20,159623168,32794942
2020,12,159623219,32794959
2020,9,159623218,32794958
2020,9,159623225,32794960
2020,20,158395598,32448072
2020,12,158395179,32447994
2020,12,158400232,32438114
2020,12,158395399,32448051
2020,12,158400228,32448005
2020,12,158400230,32438113
2020,12,158395275,32438133
2020,12,158400300,32438137
2020,6,159619831,32794839
2020,12,159619845,32794844
2020,12,159619846,32804144
2020,12,159623201,32794952
2020,12,158395226,32448006
2020,12,158395265,32448021
2020,20,158400528,32438162
2020,20,162287365,33503576
2020,12,162284536,33503600
2020,12,162284568,33503612
2020,12,162284609,33503623
2020,12,162287649,33508040
2020,12,162284723,33503646
2020,20,162284789,33503659
2020,12,162287760,33503660
2020,20,162287815,33503667
2020,12,162287929,33508079
2020,20,162284960,33503681
2020,12,162284719,33508038
2020,12,162284557,33503606
2020,12,162287648,33508039
2020,19,162287310,33507965
2020,12,162284505,33503593
2020,12,162287556,33503622
2020,20,162285233,33508116
2020,12,162288287,33503737
2020,20,162285340,33503748
2020,20,162285427,33508145
2020,12,158400582,32448083
2020,20,158395800,32448113
2020,20,158401277,32448183
2020,20,160868329,33146789
2020,12,160864011,33143342
2020,9,160869105,33146957
2020,12,162287299,33507963
2020,20,162287374,33507977
2020,12,162284494,33503591
2020,12,162284493,33503590
2020,12,162287474,33503599
2020,12,162284554,33503605
2020,4,162284716,33503643
2020,20,162284792,33503661
2020,20,162284843,33508062
2020,20,162284892,33508074
2020,20,162285286,33503739
2020,12,160864016,33143345
2020,11,158401050,32448213
2020,11,162287645,33508037
2020,12,162284347,33503558
2020,18,162284961,33503682
2020,12,162285183,33508108
2020,20,162288200,33508111
2020,11,158400583,32448084
2020,12,158395834,32448119
2020,12,158400878,32438213
2020,20,158401235,32448180
2020,12,158401299,32438215
2020,12,158401525,32448209
2020,12,158401131,32438236
2020,20,158402022,32448270
2020,12,158395606,32448073
2020,20,158400782,32448144
2020,18,158396173,32448175
2020,20,158395798,32448114
2020,20,158400696,32438190
2020,20,158400914,32438216
2020,10,158406306,32438259
2020,20,160863734,33141739
2020,3,160868177,33141749
2020,20,160868196,33141757
2020,20,160868406,33143332
2020,12,160864015,33143344
2020,12,162287514,33508005
2020,9,162287615,33508033
2020,20,162287752,33508052
2020,20,162287887,33508076
2020,12,162288041,33503699
2020,9,162288118,33508098
2020,20,162285177,33503727
2020,12,162288198,33508110
2020,9,162285287,33503740
2020,12,162288298,33508122
2020,20,162288322,33508128
2020,20,162285348,33503750
2020,20,162288380,33503760
2020,12,162285435,33503764
2020,12,158395263,32448020
2020,12,158400221,32438110
2020,12,159622936,32794884
2020,20,159620196,32804199
2020,20,159623054,32794915
2020,20,158396055,32448152
2020,12,158400861,32438211
2020,20,158406254,32438250
2020,10,158401836,32438252
2020,20,158400573,32438165
2020,12,158395697,32448086
2020,12,158401431,32438219
2020,20,160868403,33146803
2020,12,160868537,33146827
2020,12,159622610,32794825
2020,12,159619816,32804138
2020,12,159619855,32794847
2020,12,159619865,32804149
2020,12,159619912,32804155
2020,12,159619935,32794856
2020,10,159622788,32794862
2020,6,159620067,32794875
2020,20,159623045,32804221
2020,20,158395185,32447997
2020,12,158400244,32438118
2020,12,158395670,32448078
2020,12,158400616,32438176
2020,18,158396151,32448171
2020,12,158400477,32448063
2020,3,159620373,32794939
2020,12,158400184,32438100
2020,12,158395364,32448044
2020,12,158395396,32448050
2020,12,158395174,32447991
2020,12,158400211,32447996
2020,12,158400222,32438111
2020,12,158400382,32438149
2020,12,158395707,32438170
2020,20,158395832,32438180
2020,12,158395190,32447999
2020,4,158395272,32438130
2020,12,158395489,32438159
2020,16,158395274,32448025
2020,12,162287643,33503644
2020,20,162287949,33503680
2020,20,162288225,33508115
2020,20,162285381,33503759
2020,12,159622566,32794813
2020,20,159622632,32794827
2020,12,159620003,32804167
2020,12,159620448,32804250
2020,12,159622537,32804112
2020,12,159622551,32794809
2020,12,159619773,32794822
2020,12,159622712,32794845
2020,9,159622996,32794899
2020,10,159620445,32804248
2020,12,159620450,32804251
2020,20,156627145,31928305
2020,20,156627421,31931968
2020,20,156632365,31928389
2020,12,156632917,31928455
2020,20,156633106,31932071
2020,10,156633151,31928487
2020,20,156626827,31928210
2020,9,156632299,31928376
2020,12,156626624,31928156
2020,20,156631727,31928254
2020,20,156626957,31931871
2020,20,156627047,31931887
2020,12,156631874,31928295
2020,20,156632107,31931939
2020,20,156627265,31928338
2020,20,156627418,31931966
2020,9,156631480,31931818
2020,20,156631688,31928241
2020,20,156627261,31928337
2020,12,156632381,31928393
2020,9,156633218,31928495
2020,12,156632153,31928345
2020,12,156632902,31928447
2020,3,156626975,31928260
2020,20,156632908,31928450
2020,12,156632989,31932054
2020,20,156628141,31932059
2020,12,156628167,31932065
2020,10,156633194,31928492
2020,20,156626173,31928151
2020,12,156632030,31928324
2020,4,156627291,31931943
2020,20,156627434,31931972
2020,12,156632439,31931979
2020,20,156628303,31932084
2020,20,160863716,33141736
2020,12,160868482,33143339
2020,20,160864098,33146853
2020,18,160868662,33146855
2020,12,160864180,33143368
2020,12,160864189,33143369
2020,12,160868783,33146885
2020,12,160864297,33146903
2020,3,160869032,33143415
2020,12,160864443,33146958
2020,12,160869103,33146956
2020,12,159619848,32794846
2020,12,159619849,32804146
2020,9,159620234,32804208
2020,12,156626021,31931764
2020,12,156627182,31928312
2020,12,156632126,31928339
2020,20,156627350,31931955
2020,12,156628032,31932045
2020,20,156632977,31928463
2020,20,156632978,31928464
2020,20,156633114,31928480
2020,9,156628229,31928482
2020,18,156626803,31928203
2020,20,156626837,31928216
2020,20,156631662,31931855
2020,20,156631903,31928303
2020,12,156632128,31931940
2020,12,156632237,31928363
2020,20,156626779,31931813
2020,20,156626783,31928188
2020,12,156626821,31931830
2020,9,156626821,31928208
2020,12,156632218,31928357
2020,20,156627435,31928383
2020,20,156627279,31931941
2020,12,156632163,31931944
2020,20,156633060,31932064
2020,20,156628215,31932072
2020,20,156631943,31931908
2020,3,156627352,31928364
2020,20,156632935,31928457
2020,20,156626835,31931836
2020,12,156631634,31931850
2020,12,156631775,31928265
2020,5,156627012,31928273
2020,12,156632040,31928326
2020,12,156632963,31928460
2020,9,156628126,31932056
2020,20,156628227,31928481
2020,20,156633153,31928488
2020,20,156633212,31928493
2020,12,156631354,31928174
2020,20,156631516,31931823
2020,12,156631552,31928211
2020,20,156631570,31928217
2020,12,156632038,31931923
2020,18,156627395,31931962
2020,20,156633011,31932055
2020,20,156628131,31932057
2020,20,156633101,31932070
2020,20,160868179,33143291
2020,20,160868235,33146763
2020,12,159622530,32794807
2020,12,159619768,32794821
2020,12,159619809,32794831
2020,12,159622723,32794848
2020,12,159622817,32804178
2020,12,159620094,32804188
2020,18,159623084,32794926
2020,12,160868359,33143324
2020,3,160863968,33143333
2020,12,160868602,33146845
2020,12,160868735,33146868
2020,12,160864217,33146883
2020,12,160868816,33143386
2020,18,160864348,33146923
2020,12,160868999,33146927
2020,20,160869005,33146929
2020,12,160869017,33146932
2020,12,160869067,33146941
2020,20,159620362,32794933
2020,20,159623172,32804243
2020,20,156626172,31928150
2020,20,156631556,31928213
2020,18,156626923,31931860
2020,12,156631701,31931863
2020,12,156632047,31928327
2020,20,156627983,31928444
2020,20,156632913,31928453
2020,12,156628278,31932082
2020,12,160868620,33143354
2020,12,160868856,33146895
2020,12,160864416,33146939
2020,12,158395187,32438107
2020,12,158400217,32438108
2020,12,158395268,32448023
2020,4,158400277,32438131
2020,12,158400277,32438132
2020,18,158395297,32448029
2020,12,158395366,32448045
2020,19,158400355,32438142
2020,12,158400391,32438154
2020,20,158395585,32448070
2020,20,158401047,32448214
2020,12,156626842,31931837
2020,20,156631708,31928247
2020,20,156631927,31931905
2020,12,156627243,31931930
2020,20,156627324,31928352
2020,20,156632214,31928356
2020,12,156632213,31928355
2020,20,156632241,31928365
2020,20,156626599,31931781
2020,18,156631321,31928170
2020,20,156626889,31928229
2020,20,156631745,31928259
2020,20,156631758,31928261
2020,20,156631820,31928284
2020,12,156627095,31931896
2020,20,156631890,31928300
2020,20,156631892,31931897
2020,20,156632352,31928386
2020,12,156626022,31931763
2020,18,156631376,31931802
2020,20,156631414,31928187
2020,12,156626847,31931839
2020,20,156626952,31931869
2020,20,156631807,31931885
2020,12,156631913,31931898
2020,20,156627229,31931921
2020,20,156627325,31931950
2020,20,156627357,31931956
2020,20,156631232,31931785
2020,12,156631581,31928219
2020,12,156626868,31931843
2020,20,156626942,31931866
2020,20,156627072,31931893
2020,20,156627257,31928334
2020,20,156632098,31931937
2020,9,156627398,31928374
2020,20,156632339,31928384
2020,20,156632905,31928448
2020,3,156632971,31928462
2020,9,156628121,31928467
2020,12,156633053,31928472
2020,20,156628219,31932074
2020,20,156633119,31932076
2020,20,156628318,31932088
2020,12,156626012,31928124
2020,12,156626565,31928139
2020,17,156626565,31928140
2020,20,156626586,31928152
2020,12,156631240,31928161
2020,12,156631234,31928159
2020,20,156631285,31931792
2020,12,156626825,31931832
2020,18,156626880,31931848
2020,20,156626915,31928236
2020,20,156626965,31928256
2020,9,156627130,31931903
2020,20,156627163,31928307
2020,12,156627288,31928344
2020,20,156632311,31931967
2020,12,156632341,31931974
2020,20,156631762,31928263
2020,20,156627109,31931899
2020,3,156632022,31928323
2020,12,156632039,31928325
2020,12,156627349,31928362
2020,12,156627347,31931953
2020,12,156627413,31928377
2020,20,156627428,31928379
2020,20,156626650,31928160
2020,20,156626749,31928185
2020,12,156626792,31928192
2020,12,156631603,31928225
2020,12,156626961,31931873
2020,20,156627069,31931892
2020,20,156631950,31928309
2020,12,156627197,31931913
2020,12,156627196,31928317
2020,12,156627195,31928316
2020,3,156627252,31931934
2020,20,156631181,31928153
2020,20,156626605,31931782
2020,20,156631500,31928200
2020,20,156626797,31928198
2020,20,156626831,31931834
2020,20,156631589,31931842
2020,12,156626890,31931851
2020,20,156631679,31931858
2020,12,156631698,31928244
2020,20,156631788,31928274
2020,20,156631838,31928288
2020,20,156631877,31928297
2020,9,156631925,31931902
2020,3,156627167,31931909
2020,12,156627212,31931916
2020,20,156627312,31931947
2020,20,156632209,31928354
2020,12,156632287,31928372
2020,18,156632287,31928373
2020,20,156632904,31932043
2020,12,156628067,31932052
2020,20,156628220,31932075
2020,20,156626584,31931778
2020,12,156631182,31931779
2020,12,156631328,31928171
2020,3,156631551,31928212
2020,20,156626877,31931845
2020,20,156631608,31928226
2020,20,156631690,31928242
2020,12,156631728,31931868
2020,11,156626974,31931874
2020,12,156632015,31931915
2020,12,156632135,31928340
2020,9,156632221,31931952
2020,11,156632226,31928360
2020,20,156632355,31928388
2020,12,160868148,33141743
2020,9,160863825,33143300
2020,12,160863886,33143317
2020,18,160868408,33146804
2020,12,160863971,33143334
2020,12,160868475,33146814
2020,12,160868499,33146817
2020,12,160864012,33146822
2020,12,160868741,33146872
2020,3,160869041,33143418
2020,12,160869047,33146937
2020,12,160869049,33143420
2020,17,160869047,33146938
2020,18,160869073,33146945
2020,11,160869083,33146948
2020,12,158401999,32448266
2020,12,156631353,31928175
2020,3,156631497,31931821
2020,18,156626982,31931877
2020,20,156631782,31931882
2020,20,156627113,31931900
2020,12,156627119,31931901
2020,12,156627228,31931920
2020,12,156627239,31931928
2020,20,156632097,31928335
2020,12,156627294,31928346
2020,12,156628040,31932047
2020,12,156628046,31932049
2020,20,156628085,31932053
2020,9,156628207,31932069
2020,12,156628217,31928477
2020,10,156628273,31932081
2020,20,156633190,31928491
2020,12,156628308,31932085
2020,20,156626133,31928134
2020,20,156631324,31931795
2020,20,156631560,31928214
2020,12,156627011,31931881
2020,20,156632936,31932050
2020,20,156632955,31928459
2020,10,156633045,31928471
2020,12,156633065,31928473
2020,20,156628179,31932066
2020,18,156633105,31928476
2020,18,156628248,31928484
2020,12,158400256,32438121
2020,12,158400259,32438122
2020,12,158400352,32448046
2020,12,158400434,32438158
2020,20,158395820,32448117
2020,20,158401709,32448229
2020,12,156892131,31993308
2020,12,156887063,31989499
2020,12,156626789,31928191
2020,12,156626798,31928199
2020,20,156626990,31931878
2020,20,156627057,31928289
2020,20,156627054,31931890
2020,20,156631968,31928311
2020,18,156632140,31928341
2020,20,156631188,31928155
2020,12,156631397,31928180
2020,17,156631397,31928181
2020,9,156631599,31928223
2020,12,156626930,31931861
2020,12,156626937,31931865
2020,20,156631719,31928251
2020,12,156627017,31931883
2020,20,156627152,31928306
2020,6,156632014,31931917
2020,6,156632016,31928322
2020,20,156632060,31928329
2020,12,156632251,31928368
2020,20,156632334,31928382
2020,20,156627989,31928446
2020,12,156633145,31928486
2020,20,156626591,31931780
2020,20,156626634,31931784
2020,20,156626682,31928168
2020,12,156626729,31928177
2020,20,156631361,31931797
2020,20,156626740,31931805
2020,12,156631417,31931809
2020,20,156631659,31928232
2020,20,156631676,31928235
2020,20,156626920,31931859
2020,20,156631668,31928234
2020,20,156631729,31928255
2020,20,156631797,31928278
2020,12,156631795,31928277
2020,20,156627077,31931894
2020,12,156627087,31931895
2020,20,156627323,31931949
2020,12,156627496,31928395
2020,12,156632418,31928397
2020,20,156628039,31928456
2020,20,156627984,31932039
2020,20,156632947,31928458
2020,12,156892119,31993305
2020,18,156886889,31989473
2020,12,156892233,31993328
2020,12,156887169,31989516
2020,20,156626674,31928165
2020,20,156631302,31931793
2020,18,156631307,31928169
2020,12,156626874,31928227
2020,12,156631666,31928233
2020,12,156626921,31928239
2020,11,156631710,31928249
2020,20,156631776,31928266
2020,12,156631790,31928275
2020,12,156627179,31931911
2020,12,156627230,31931922
2020,12,156633014,31928468
2020,20,156627369,31928370
2020,20,156628098,31928465
2020,20,156633096,31928474
2020,20,156633107,31932073
2020,10,156628247,31928483
2020,20,156633156,31928489
2020,12,156628325,31928494
2020,12,156887015,31989494
2020,12,156892071,31993299
2020,12,156886951,31989481
2020,6,159622609,32794823
2020,12,159622609,32794824
2020,12,159619817,32804139
2020,12,159622742,32794851
2020,12,159619952,32804159
2020,12,159619958,32804160
2020,12,159622806,32794871
2020,12,159622915,32794879
2020,20,159623003,32794904
2020,12,159623000,32794903
2020,12,159623139,32804238
2020,12,159620420,32794947
2020,20,156626670,31931791
2020,20,156626807,31931826
2020,20,156627055,31931889
2020,12,158396099,32448157
2020,12,162287403,33507980
2020,18,162287523,33508007
2020,12,162287610,33508030
2020,20,162284986,33503686
2020,12,162288192,33508109
2020,20,162288249,33508119
2020,12,162288307,33508124
2020,3,162285342,33508133
2020,20,162288352,33508134
2020,12,162285365,33503755
2020,18,162285365,33503756
2020,20,162288442,33508149
2020,12,160868191,33143293
2020,12,160863872,33143313
2020,20,160864070,33143353
2020,12,160864194,33146876
2020,12,160868362,33146795
2020,12,160868382,33143327
2020,12,160868738,33146870
2020,20,158395635,32448077
2020,12,158401356,32448194
2020,20,158401539,32448210
2020,12,160868707,33143363
2020,12,160864259,33146892
2020,12,158401558,32448216
2020,12,158401052,32448215
2020,12,160864255,33143385
2020,20,158395844,32448122
2020,20,158395863,32448124
2020,20,158401161,32438239
2020,3,158395581,32448069
2020,17,159622790,32804163
2020,12,159619974,32804162
2020,12,159622790,32794864
2020,20,159623025,32804214
2020,20,159620250,32804215
2020,20,158396125,32438205
2020,12,159622914,32794878
2020,3,158401020,32448206
2020,20,158406318,32438261
2020,20,158402057,32438276
2020,12,159623073,32804225
2020,9,159620399,32804241
2020,12,158395267,32448022
2020,12,158400376,32438148
2020,12,148287327,29516811
2020,12,148301235,29521777
2020,20,148287428,29516832
2020,20,148301429,29521811
2020,12,148297993,29511910
2020,12,148301498,29521827
2020,20,148301622,29516909
2020,20,148287836,29516914
2020,12,156886964,31989484
2020,9,156892097,31993303
2020,12,156886983,31989487
2020,12,156886998,31993309
2020,12,156892202,31989497
2020,12,156892346,31993341
2020,9,156887172,31989517
2020,2,158400223,32448004
2020,12,158400263,32438124
2020,12,158395306,32448031
2020,12,158400327,32448036
2020,3,158395362,32448042
2020,12,158400361,32448047
2020,12,158395391,32448049
2020,12,158395457,32448058
2020,20,158400555,32448076
2020,20,158395645,32438164
2020,12,158395687,32448082
2020,9,158395828,32448118
2020,20,158395872,32438186
2020,12,158401174,32448176
2020,12,158401182,32448177
2020,20,158401276,32448182
2020,20,158401346,32438217
2020,18,158401376,32448195
2020,20,158401501,32448205
2020,12,158401585,32448218
2020,12,158401078,32448221
2020,12,155711385,31621882
2020,12,155708470,31621885
2020,12,155711391,31621884
2020,12,148287424,29516831
2020,20,148298169,29511933
2020,20,148287820,29516908
2020,20,148287933,29521878
2020,9,148298471,29521883
2020,12,148298471,29521884
2020,19,156892083,31993301
2020,12,156892250,31993330
2020,12,156887122,31989509
2020,12,156892313,31989512
2020,20,156892090,31993302
2020,12,156892329,31993338
2020,12,160863742,33143282
2020,12,160868151,33143283
2020,20,160868323,33146786
2020,11,160868502,33146821
2020,12,160868502,33146818
2020,20,160864091,33146851
2020,2,160868728,33146864
2020,12,160868949,33146920
2020,12,160864331,33143408
2020,20,160864379,33143413
2020,20,160869147,33146961
2020,20,160869149,33146962
2020,12,152650562,30680780
2020,12,152650559,30680779
2020,20,152650635,30680786
2020,18,152650658,30680789
2020,2,152650662,30680790
2020,12,152650671,30680791
2020,2,152650735,30680803
2020,12,152650763,30680814
2020,12,152650787,30680816
2020,12,152650801,30680817
2020,12,152650848,30680826
2020,2,152650849,30680825
2020,12,152650893,30680833
2020,12,152650948,30680845
2020,12,152650986,30680853
2020,12,152650995,30680860
2020,12,152651011,30680866
2020,12,152651012,30680867
2020,12,152651020,30680873
2020,3,152651136,30680895
2020,12,152651179,30680898
2020,9,152651186,30680900
2020,20,152651305,30680914
2020,12,152651312,30680915
2020,12,152651326,30680916
2020,12,152651345,30680917
2020,12,152651358,30680919
2020,12,152651385,30680924
2020,20,152651464,30680936
2020,3,152651479,30680943
2020,12,152651492,30680945
2020,20,152651508,30680950
2020,20,152651551,30680962
2020,20,152651548,30680960
2020,12,152651599,30680976
2020,20,152651601,30680978
2020,12,152651620,30680983
2020,20,152651621,30680984
2020,12,152651617,30680981
2020,20,152651668,30680995
2020,12,152651681,30680999
2020,12,152651702,30681001
2020,9,152651738,30681005
2020,20,152651765,30681009
2020,12,152651759,30681008
2020,12,152652185,30681100
2020,20,149217025,29761769
2020,12,149217033,29761770
2020,20,149217060,29761777
2020,20,149217123,29761788
2020,12,149221685,29756890
2020,12,149217137,29756893
2020,12,149217140,29761793
2020,12,149217168,29761799
2020,12,149221711,29756902
2020,12,149217178,29761800
2020,20,149217213,29761810
2020,12,149217226,29761813
2020,12,149217250,29761820
2020,12,149217270,29761824
2020,2,149217295,29761828
2020,18,146893954,29127453
2020,12,146898188,29115193
2020,12,146885172,29127495
2020,10,146885172,29115213
2020,12,146894219,29127508
2020,10,146898159,29127445
2020,12,146894046,29122374
2020,12,146898509,29122396
2020,12,146894223,29122401
2020,9,146894225,29127511
2020,20,148287685,29516875
2020,12,148287772,29521835
2020,20,148298280,29511956
2020,20,148298318,29511967
2020,20,148298320,29516915
2020,12,148287844,29516917
2020,20,148298353,29511975
2020,12,148298366,29511978
2020,20,148301693,29516925
2020,20,148301726,29521873
2020,12,148287065,29516770
2020,12,148287130,29521768
2020,20,148301209,29521773
2020,12,148301274,29521783
2020,20,148301607,29521846
2020,20,148287822,29516910
2020,12,148301642,29521852
2020,20,148287934,29516945
2020,12,148301757,29512006
2020,12,148301506,29521829
2020,12,148298326,29511970
2020,20,148301677,29521861
2020,20,148287985,29516961
2020,12,148301759,29516965
2020,20,148288052,29516978
2020,20,148301791,29521890
2020,20,148301808,29521893
2020,20,148301809,29521894
2020,12,148301280,29511847
2020,12,148301515,29511930
2020,20,148301520,29521832
2020,20,148298175,29511937
2020,12,148287881,29511979
2020,12,148301704,29521867
2020,20,148297814,29511893
2020,18,148287573,29516852
2020,12,148287538,29516848
2020,12,148297175,29511770
2020,12,148287027,29516763
2020,12,148297268,29511795
2020,12,148297312,29516783
2020,12,148287255,29511822
2020,12,148287253,29516798
2020,12,148287363,29516822
2020,12,146898367,29127470
2020,12,146898390,29122381
2020,12,146898561,29127525
2020,12,148287114,29516781
2020,12,148287359,29516820
2020,12,148297579,29511848
2020,20,148301602,29516900
2020,20,148298324,29511969
2020,20,148287854,29516918
2020,12,148287977,29512004
2020,20,146893891,29127439
2020,10,146898164,29127446
2020,12,146898524,29122398
2020,12,146893862,29115186
2020,12,146898487,29122393
2020,12,146885205,29127510
2020,18,146894293,29127527
2020,12,146894293,29127526
2020,12,146894303,29127530
2020,12,146893873,29127434
2020,12,146898185,29127452
2020,12,146894078,29127471
2020,12,146894081,29127472
2020,12,146898407,29127477
2020,12,148287017,29516762
2020,12,148297209,29511779
2020,12,148297274,29511797
2020,10,148287126,29521766
2020,12,148287270,29516804
2020,12,148287692,29516879
2020,20,148287770,29516893
2020,20,148301636,29521850
2020,12,148298322,29511968
2020,20,148301669,29521858
2020,20,148287896,29516932
2020,12,148287895,29516931
2020,20,148287945,29516949
2020,12,148287061,29516769
2020,12,148301199,29511804
2020,12,148287238,29516795
2020,12,148287262,29516801
2020,12,148287273,29516805
2020,12,148287286,29516806
2020,20,148287323,29511829
2020,20,148287328,29516812
2020,12,148297233,29511784
2020,12,148287076,29516773
2020,12,148287093,29516777
2020,12,148287158,29516785
2020,3,148297392,29511820
2020,20,148287944,29516948
2020,20,148298481,29512007
2020,12,148287575,29511897
2020,3,148287724,29516885
2020,20,148298231,29521838
2020,20,148287807,29516902
2020,12,148301627,29521849
2020,12,148298473,29521885
2020,12,148287021,29511773
2020,12,148297254,29511791
2020,12,148287198,29516789
2020,12,148287269,29516803
2020,20,148287331,29516813
2020,12,148287349,29516816
2020,20,148301364,29521801
2020,20,148301453,29521819
2020,18,148287831,29511962
2020,20,148301671,29521859
2020,20,148301717,29511988
2020,17,148298425,29511991
2020,12,148287963,29516955
2020,20,148298475,29512002
2020,20,148287992,29516962
2020,20,148288020,29516970
2020,20,148288029,29516974
2020,12,148288035,29516975
2020,12,148287028,29516764
2020,4,148287166,29516787
2020,12,148287211,29516790
2020,12,148287221,29516791
2020,11,148287259,29516800
2020,12,148287264,29516802
2020,12,148287305,29516807
2020,20,148287496,29516842
2020,19,148297390,29511819
2020,12,148287108,29516780
2020,12,148297625,29511857
2020,12,148287718,29516884
2020,20,148298192,29516891
2020,12,148298261,29521844
2020,20,148287855,29516920
2020,12,148287072,29516772
2020,20,148287432,29516833
2020,12,148287599,29516858
2020,12,148287611,29516861
2020,12,148298183,29511940
2020,12,148298282,29511957
2020,10,148287826,29511960
2020,20,148298303,29516912
2020,20,148298310,29511964
2020,20,148301644,29516916
2020,12,148301648,29521853
2020,12,148287843,29521855
2020,20,148287859,29516921
2020,12,148301678,29521862
2020,12,148287879,29516926
2020,12,148287998,29516966
2020,20,148288017,29516969
2020,12,148287040,29516767
2020,12,148297333,29511810
2020,20,148287394,29516828
2020,12,148301312,29521791
2020,20,148287627,29516866
2020,12,148301725,29521872
2020,12,148301747,29521882
2020,3,148287984,29516960
2020,20,148288002,29516967
2020,12,148288022,29516972
2020,18,150621576,30063957
2020,12,150621581,30063959
2020,12,150621577,30063958
2020,9,150626391,30064000
2020,12,150621710,30063991
2020,12,150621592,30063961
2020,2,155704363,31619492
2020,12,155704429,31619508
2020,3,155698457,31614853
2020,20,155698603,31614883
2020,12,155704821,31619563
2020,11,155704836,31619566
2020,12,155704842,31619567
2020,12,150622088,30071895
2020,12,150622447,30064135
2020,10,150622446,30064134
2020,12,150622481,30064144
2020,18,152651679,30680998
2020,12,152651819,30681017
2020,12,152652135,30681080
2020,18,152652149,30681084
2020,20,152652216,30681101
2020,12,150622502,30064147
2020,12,150622348,30071917
2020,20,150626743,30071923
2020,12,149221790,29756914
2020,20,149221498,29756849
2020,12,149221570,29756868
2020,12,149217158,29761796
2020,12,149221817,29756921
2020,12,149221497,29756848
2020,3,149221514,29756850
2020,9,149217164,29756898
2020,12,149217164,29761797
2020,20,149221769,29756911
2020,20,149217230,29756915
2020,12,149217297,29761829
2020,12,149221881,29756937
2020,12,149217138,29761792
2020,12,149217305,29761832
2020,12,149221703,29761798
2020,12,149217233,29761816
2020,12,149217111,29761786
2020,12,149221680,29756889
2020,12,149221696,29756897
2020,12,149221778,29756913
2020,12,149221820,29756923
2020,12,149221852,29756927
2020,12,149217287,29761827
2020,12,149217372,29761844
2020,4,149217386,29761846
2020,18,149221941,29756949
2020,12,149217184,29761803
2020,12,149222033,29756963
2020,12,149222034,29756964
2020,12,152652150,30681085
2020,20,152652184,30681099
2020,12,152650737,30680804
2020,12,152650828,30680821
2020,20,152651531,30680955
2020,20,152651553,30680963
2020,12,150622763,30064215
2020,12,152650837,30680824
2020,12,152650908,30680838
2020,10,152650908,30680836
2020,12,152651087,30680886
2020,12,152651227,30680908
2020,20,152651490,30680944
2020,20,152651518,30680953
2020,20,152651572,30680966
2020,12,152651584,30680968
2020,3,152652181,30681097
2020,12,152652326,30681126
2020,20,152652337,30681130
2020,11,152652365,30681139
2020,12,152652412,30681150
2020,9,152650592,30680781
2020,12,152650603,30680782
2020,4,152650674,30680792
2020,12,152650733,30680802
2020,12,152650734,30680795
2020,12,152650738,30680800
2020,9,152650743,30680808
2020,12,152650741,30680807
2020,12,152650740,30680806
2020,20,152650957,30680847
2020,12,152651096,30680888
2020,20,152651098,30680889
2020,20,152651360,30680921
2020,3,152651474,30680940
2020,3,152651473,30680939
2020,20,152651506,30680949
2020,20,152651781,30681013
2020,11,152652148,30681083
2020,9,152652175,30681094
2020,20,152652223,30681103
2020,12,152652243,30681111
2020,12,152652262,30681114
2020,12,152650537,30680775
2020,12,152650732,30680801
2020,12,152650897,30680834
2020,18,152651041,30680876
2020,9,152651237,30680909
2020,12,152651608,30680980
2020,12,152651635,30680989
2020,12,152651707,30681002
2020,10,152651809,30681015
2020,20,152651810,30681016
2020,12,152652018,30681054
2020,3,152652291,30681119
2020,20,156626019,31928125
2020,20,156626506,31931762
2020,12,156626509,31931765
2020,12,156626510,31931766
2020,12,156626043,31928126
2020,20,156626140,31928136
2020,20,156626138,31928135
2020,20,156626148,31928141
2020,20,156626151,31931775
2020,17,156626580,31928145
2020,12,156626580,31928143
2020,20,156626163,31928146
2020,12,156626578,31931777
2020,20,156626171,31928149
2020,20,156626162,31928144
2020,12,150626768,30071929
2020,12,150626816,30064148
2020,12,150622707,30064199
2020,12,148297177,29511772
2020,12,148297217,29511782
2020,12,148297238,29511786
2020,20,148287066,29511788
2020,12,148287107,29516779
2020,12,148301204,29521769
2020,12,148297338,29511811
2020,12,148297356,29511813
2020,12,148297383,29511817
2020,12,148287236,29516794
2020,12,148297421,29511824
2020,20,148298099,29511923
2020,12,148298149,29511929
2020,20,148298381,29516930
2020,20,148298452,29511997
2020,20,155696869,31614508
2020,20,155697492,31619244
2020,9,155703881,31614781
2020,20,155698210,31614801
2020,20,155698380,31614839
2020,12,155698410,31614845
2020,12,155698429,31619507
2020,3,155698425,31619505
2020,12,155698439,31614849
2020,20,155698441,31614851
2020,12,155704430,31619509
2020,12,155698474,31619512
2020,12,155698496,31619515
2020,20,160868241,33143304
2020,12,160868650,33146854
2020,12,160868737,33146869
2020,12,160868747,33146877
2020,12,160864232,33146890
2020,12,160868852,33146894
2020,19,160868868,33143394
2020,12,160868892,33146901
2020,12,160864314,33143403
2020,12,160869029,33146935
2020,12,160864439,33143425
2020,12,156892232,31993327
2020,12,152650726,30680798
2020,12,152650760,30680813
2020,12,152650939,30680843
2020,12,152651560,30680964
2020,12,152651600,30680977
2020,20,152651949,30681037
2020,12,152651980,30681047
2020,20,152652060,30681063
2020,20,152652173,30681093
2020,12,152652323,30681124
2020,12,152652364,30681140
2020,12,152652381,30681141
2020,12,152650699,30680796
2020,12,152650765,30680815
2020,12,152650888,30680831
2020,12,152650905,30680835
2020,12,152650994,30680856
2020,12,152651014,30680871
2020,12,152651047,30680879
2020,12,152651080,30680885
2020,12,152651195,30680902
2020,12,152651223,30680906
2020,12,152651225,30680907
2020,20,152651535,30680958
2020,9,152651533,30680956
2020,20,152651619,30680982
2020,12,152651973,30681045
2020,12,152652019,30681055
2020,20,152652360,30681138
2020,20,152652047,30681060
2020,10,152652170,30681091
2020,20,152652260,30681113
2020,20,152652316,30681121
2020,20,160863764,33143290
2020,20,160863874,33143314
2020,20,160864244,33143384
2020,12,156892214,31993323
2020,12,156887104,31989504
2020,20,152651880,30681027
2020,20,152652315,30681122
2020,20,152652382,30681142
2020,12,152650757,30680812
2020,9,152650752,30680811
2020,9,152650820,30680819
2020,12,152650941,30680844
2020,12,152650935,30680841
2020,3,152650972,30680850
2020,3,152650968,30680849
2020,12,152650979,30680852
2020,22,152650993,30680858
2020,12,152651042,30680877
2020,12,152651052,30680881
2020,12,152651180,30680899
2020,20,152651564,30680965
2020,20,152651727,30681004
2020,9,152652012,30681053
2020,12,152652293,30681120
2020,20,152652397,30681145
2020,11,156892043,31993294
2020,20,156892065,31993298
2020,12,152650546,30680777
2020,9,152650917,30680840
2020,22,152651009,30680865
2020,12,152651015,30680870
2020,22,152651017,30680872
2020,12,152651038,30680875
2020,12,152651049,30680880
2020,12,152651194,30680903
2020,20,152651457,30680935
2020,9,152651634,30680988
2020,20,152651865,30681024
2020,20,152651950,30681038
2020,20,152651970,30681043
2020,12,152652070,30681067
2020,20,152652177,30681096
2020,18,152652228,30681106
2020,12,152652228,30681105
2020,20,152652287,30681118
2020,3,152652320,30681125
2020,11,160869070,33146943
2020,12,152651166,30680897
2020,12,152651219,30680905
2020,20,152652117,30681076
2020,20,152652133,30681077
2020,12,148297200,29516765
2020,16,148297200,29516766
2020,11,148297214,29511780
2020,12,148297237,29511785
2020,12,148297306,29511805
2020,12,148297327,29511807
2020,12,148297471,29511831
2020,12,148301385,29521807
2020,20,148287640,29521808
2020,12,148301708,29516936
2020,20,148298423,29516942
2020,12,148298458,29512000
2020,9,148298458,29511999
2020,20,148287957,29516953
2020,20,155696719,31614484
2020,20,155698211,31614802
2020,3,155703199,31619266
2020,18,155704130,31619454
2020,12,155698528,31614867
2020,9,155704749,31619556
2020,11,160869006,33146930
2020,12,160869081,33146946
2020,12,160864109,33143360
2020,12,160864263,33143391
2020,12,160869018,33146933
2020,12,155697622,31614672
2020,12,155698416,31619502
2020,12,155698417,31614847
2020,12,155704586,31614873
2020,12,155704771,31619558
2020,12,155711404,31621890
2020,12,155711403,31621889
2020,17,155711403,31621888
2020,12,159622571,32794814
2020,12,159619843,32804141
2020,3,159619919,32794855
2020,3,159619921,32804156
2020,12,159619962,32804161
2020,12,159620006,32804171
2020,12,155704618,31619535
2020,20,155703088,31619246
2020,12,154414939,31264480
2020,12,154409774,31264489
2020,20,155703234,31619274
2020,12,155698586,31619537
2020,12,155698632,31614886
2020,20,156631709,31928245
2020,20,156631835,31928287
2020,20,156627059,31931891
2020,20,156631942,31928308
2020,12,156627297,31928347
2020,12,156632201,31928348
2020,20,156632281,31931960
2020,20,156632282,31931961
2020,20,156632337,31931973
2020,12,156632366,31928390
2020,12,156632403,31928394
2020,12,156627511,31928399
2020,18,155696861,31619126
2020,3,155704409,31619504
2020,18,155704672,31619543
2020,18,156627990,31932041
2020,20,156628008,31928449
2020,20,156632915,31928454
2020,12,156628041,31932048
2020,3,156633044,31928470
2020,9,156628151,31932060
2020,20,156628162,31932063
2020,12,156628194,31932068
2020,12,155704396,31619500
2020,12,155704508,31614858
2020,12,154414850,31264460
2020,12,154414923,31272636
2020,12,153553887,30959115
2020,12,153557097,30956146
2020,12,153553956,30959130
2020,12,154410977,31272950
2020,10,154410977,31272948
2020,12,154415915,31264695
2020,12,154409746,31272635
2020,12,154415256,31264547
2020,12,154415876,31264688
2020,12,154415906,31264694
2020,12,153553878,30959111
2020,12,155708472,31620564
2020,12,154414814,31264454
2020,12,154414906,31264469
2020,18,154414909,31264470
2020,12,154414956,31272644
2020,12,154409795,31272656
2020,3,154415212,31264542
2020,3,154415211,31264541
2020,12,154409888,31272677
2020,12,154415905,31272953
2020,20,154414908,31272629
2020,12,154409859,31264532
2020,20,154409738,31264467
2020,12,154409765,31272640
2020,12,154409764,31272639
2020,12,154409782,31272651
2020,10,154415031,31272659
2020,12,154409882,31272673
2020,3,154409923,31264554
2020,18,154415918,31272954
2020,12,154415239,31264546
2020,18,154414944,31264483
2020,12,154415128,31264523
2020,12,154415238,31264545
2020,12,154409946,31272689
2020,20,154415718,31264644
2020,12,153557044,30956137
2020,10,153554086,30959176
2020,12,153557014,30956129
2020,12,154414785,31264445
2020,12,154414947,31264484
2020,12,154409824,31272663
2020,12,153557236,30959172
2020,12,153554131,30959182
2020,12,154415005,31264497
2020,12,154415048,31272661
2020,12,154409857,31264526
2020,12,154415148,31272669
2020,12,153557192,30956162
2020,12,153554072,30959173
2020,12,154414951,31264485
2020,12,154409820,31272662
2020,12,154415112,31264517
2020,12,154415139,31264528
2020,18,153554010,30956161
2020,12,153554017,30959156
2020,9,153554044,30959164
2020,12,153554062,30959170
2020,12,153554146,30959185
2020,12,155698428,31619506
2020,12,160868532,33146826
2020,20,154414892,31264464
2020,12,154409781,31264492
2020,12,154409816,31264509
2020,12,154415120,31264521
2020,12,154409878,31272672
2020,20,154409736,31264466
2020,20,154414904,31272628
2020,12,154409762,31272638
2020,12,154409777,31264491
2020,12,154409830,31264512
2020,12,154415210,31264540
2020,12,154409928,31272686
2020,12,154415884,31264691
2020,18,154409745,31272633
2020,12,154415888,31272946
2020,12,155704391,31619499
2020,10,154410981,31264693
2020,20,155704119,31619450
2020,12,154415052,31264510
2020,12,154415168,31272670
2020,12,154415171,31272671
2020,20,155702977,31619222
2020,11,155697626,31619275
2020,20,155698216,31619446
2020,20,155704139,31619458
2020,12,155704562,31614871
2020,12,155704804,31619561
2020,12,155704822,31619564
2020,20,154409729,31264463
2020,12,154415000,31264496
2020,12,154414997,31264495
2020,12,154409828,31272664
2020,12,154409831,31264513
2020,11,154415105,31272667
2020,20,155697595,31614664
2020,12,155698516,31619520
2020,18,155704645,31614882
2020,12,159619747,32804119
2020,12,159619752,32804122
2020,12,159619826,32794834
2020,9,159622681,32794840
2020,12,159622766,32794857
2020,12,159620225,32804206
2020,12,159620389,32804239
2020,20,159623185,32794948
2020,20,159623205,32794953
2020,20,159620431,32804246
2020,12,159622550,32794808
2020,12,159619798,32804135
2020,12,159619815,32804137
2020,12,159619924,32804158
2020,2,159620030,32804179
2020,12,159620086,32804185
2020,20,159620165,32794883
2020,20,159620166,32804193
2020,3,159623001,32804205
2020,3,159622997,32794900
2020,3,159620220,32794901
2020,12,159623058,32794918
2020,20,159620319,32804226
2020,20,159620394,32804240
2020,12,159620451,32804252
2020,20,159620458,32804253
2020,12,156892226,31993324
2020,12,156887160,31989514
2020,20,151643904,30303240
2020,3,151644123,30303304
2020,12,151642286,30302910
2020,12,151644215,30303320
2020,12,151646718,30303328
2020,12,151644231,30298519
2020,20,151644089,30298498
2020,9,151644124,30303303
2020,20,151644167,30298503
2020,20,151646505,30303267
2020,12,151644233,30303325
2020,12,151644200,30303318
2020,20,151643947,30303252
2020,3,151644118,30303301
2020,18,151646734,30298531
2020,12,151644223,30298513
2020,12,151644296,30303339
2020,12,151646868,30298558
2020,12,151646697,30298521
2020,12,151644238,30298522
2020,12,151646763,30303345
2020,12,151646762,30298541
2020,12,151646653,30298509
2020,12,151646764,30298542
2020,18,151644357,30303350
2020,9,151644157,30303308
2020,12,151646797,30303349
2020,12,151644195,30303317
2020,12,151646696,30298520
2020,12,159619757,32794819
2020,12,159622670,32794835
2020,18,159622761,32804157
2020,12,159622804,32804168
2020,12,159620007,32804172
2020,20,159622913,32794877
2020,12,159622930,32794882
2020,12,159620190,32804196
2020,12,159620194,32804198
2020,20,159620208,32804203
2020,12,159623050,32804223
2020,19,159623191,32794950
2020,12,159623200,32794951
2020,20,159623215,32794957
2020,2,151638757,30297932
2020,6,158395157,32447989
2020,12,158400185,32438101
2020,12,158400201,32438104
2020,12,158400233,32438115
2020,12,158395287,32438135
2020,2,158395318,32448034
2020,18,158395317,32448033
2020,12,158395349,32448039
2020,12,158400372,32438146
2020,12,158395407,32448053
2020,12,158395677,32448081
2020,12,158395703,32448089
2020,20,158395772,32448107
2020,20,158395780,32448109
2020,12,158395860,32448123
2020,12,158395786,32448110
2020,20,158400715,32448131
2020,12,158400774,32438196
2020,12,158400778,32438198
2020,12,158400792,32438199
2020,20,158396065,32448154
2020,20,158396130,32448164
2020,20,158396140,32448167
2020,20,158401325,32448188
2020,12,158401332,32448189
2020,12,158400941,32438218
2020,12,158401413,32448196
2020,20,158401455,32448199
2020,12,158401495,32448204
2020,20,158401488,32448202
2020,20,158401111,32438233
2020,20,158401848,32448244
2020,12,158401964,32448263
2020,20,158406407,32448269
2020,12,151638255,30297819
2020,20,155704120,31619451
2020,20,155698321,31619476
2020,20,155698475,31614855
2020,12,155704820,31614909
2020,20,155703036,31619236
2020,20,155697535,31619259
2020,19,155704136,31619456
2020,19,155704357,31619491
2020,3,155704376,31619496
2020,3,155704375,31619495
2020,12,155704518,31614861
2020,12,155704573,31619529
2020,12,155698708,31614898
2020,12,151644265,30303331
2020,12,151644432,30303366
2020,12,151646497,30298472
2020,12,151644242,30298525
2020,12,151646790,30303347
2020,12,151646710,30298524
2020,3,151646715,30298526
2020,12,151646768,30298544
2020,2,151646848,30298557
2020,12,151644201,30298506
2020,12,151646754,30303340
2020,12,151644321,30298543
2020,12,151644416,30303364
2020,10,152651357,30680918
2020,20,152651664,30680994
2020,12,151646794,30298547
2020,12,151644437,30303368
2020,20,151643981,30303262
2020,12,151644168,30303311
2020,19,151644269,30303332
2020,12,152650746,30680809
2020,18,152651034,30680874
2020,12,152651056,30680882
2020,12,152651106,30680891
2020,12,152651470,30680938
2020,12,152651960,30681040
2020,12,152652272,30681116
2020,9,151643885,30303237
2020,12,151646599,30303298
2020,12,151644119,30303300
2020,12,151644178,30303313
2020,12,151646689,30298517
2020,12,151644290,30298536
2020,12,151644192,30303316
2020,12,151646788,30298545
2020,12,151646799,30298549
2020,12,151638734,30297929
2020,12,152652014,30681052
2020,20,152652163,30681088
2020,12,152652237,30681107
2020,12,151646726,30298528
2020,12,151646686,30298516
2020,12,152651742,30681006
2020,12,152651513,30680951
2020,12,151644279,30303334
2020,12,151644283,30298533
2020,9,151646746,30298535
2020,19,151644329,30303346
2020,12,151646808,30298551
2020,20,151644092,30303293
2020,12,151646648,30298507
2020,12,151646752,30303338
2020,12,151644347,30298546
2020,12,151644435,30303367
2020,20,152651923,30681031
2020,12,152651921,30681030
2020,17,152652239,30681110
2020,12,152652239,30681109
2020,10,152652239,30681108
2020,20,154414776,31264444
2020,12,154414832,31264456
2020,12,154414841,31264457
2020,9,154414848,31264459
2020,12,154409792,31272654
2020,6,154415036,31264507
2020,12,154409827,31264511
2020,12,154415130,31264524
2020,12,154415189,31264538
2020,12,154415191,31264539
2020,12,154415243,31272675
2020,3,154409901,31272680
2020,12,154415288,31272683
2020,12,154409938,31272687
2020,3,154409947,31272690
2020,12,154409965,31272692
2020,12,154409973,31272693
2020,20,152652146,30681082
2020,12,152652268,30681115
2020,12,151642289,30302911
2020,2,152650836,30680823
2020,12,152651884,30681028
2020,12,152651207,30680904
2020,18,152652356,30681136
2020,9,152652357,30681137
2020,12,152651984,30681048
2020,20,152651947,30681036
2020,12,152651958,30681039
2020,20,152651992,30681049
2020,12,152652036,30681058
2020,12,152652066,30681066
2020,9,152652152,30681086
2020,12,152652172,30681092
2020,2,152650826,30680820
2020,2,152650822,30680818
2020,10,152650909,30680839
2020,12,152651497,30680946
2020,10,152651497,30680947
2020,12,152651596,30680974
2020,12,152652039,30681059
2020,12,152650907,30680837
2020,9,152650998,30680861
2020,20,152651867,30681025
2020,20,152652101,30681074
2020,20,152652217,30681102
2020,12,152652286,30681117
2020,20,152651976,30681046
2020,12,152652167,30681090
2020,12,152652166,30681089
2020,20,152651132,30680893
2020,9,152651371,30680922
2020,20,152652176,30681095
2020,20,152651477,30680942
2020,18,152651770,30681010
2020,19,152652331,30681128
2020,12,152650739,30680805
2020,12,152650886,30680830
2020,12,152650996,30680859
2020,20,152652052,30681061
2020,15,152652342,30681133
2020,12,152652342,30681132
2020,12,152650539,30680776
2020,3,152651091,30680887
2020,20,152651475,30680941
2020,20,152651924,30681032
2020,12,152651925,30681033
2020,12,152652020,30681056
2020,15,152652020,30681057
2020,12,152652112,30681075
2020,3,152652131,30681078
2020,3,152652134,30681079
2020,18,152652142,30681081
2020,9,156632055,31928328
2020,12,156627378,31931959
2020,12,156632306,31931964
2020,18,156627425,31928378
2020,20,156627427,31931969
2020,20,160863775,33141755
2020,12,160868272,33146772
2020,20,156631401,31928183
2020,3,156627248,31931931
2020,3,156627247,31928332
2020,12,156632235,31931954
2020,12,156632349,31931975
2020,20,156626746,31928182
2020,20,156626849,31928220
2020,12,156626984,31928262
2020,20,156632175,31931948
2020,9,156627326,31931951
2020,12,156632350,31928385
2020,12,156632380,31928392
2020,12,156632413,31928396
2020,12,156627523,31931980
2020,20,156628009,31928451
2020,12,156628152,31932061
2020,20,156628214,31928475
2020,10,156628230,31932077
2020,20,156628257,31932079
2020,12,156628286,31932083
2020,20,156631720,31928252
2020,20,156631839,31931888
2020,20,156631876,31928296
2020,20,156627260,31931938
2020,12,156632307,31931965
2020,20,156626167,31928148
2020,3,156631492,31928196
2020,20,156626857,31928221
2020,20,156631614,31928228
2020,20,156631620,31931847
2020,12,156632013,31928321
2020,20,156632079,31931932
2020,20,156631766,31931879
2020,12,156626994,31931880
2020,12,156627364,31928369
2020,12,158400199,32438102
2020,12,158400340,32438140
2020,9,158395402,32438147
2020,10,158395445,32448057
2020,20,158395725,32438169
2020,20,158395867,32448125
2020,20,158400815,32448158
2020,20,158396135,32448162
2020,12,158400870,32448179
2020,12,158401044,32448211
2020,20,158401597,32448219
2020,10,158401811,32438249
2020,12,158406271,32448242
2020,20,158401861,32448245
2020,20,158401868,32448249
2020,20,158406308,32438260
2020,20,158401896,32448256
2020,20,158401895,32448255
2020,20,156627237,31931925
2020,12,156627345,31928361
2020,12,156631339,31928173
2020,20,156631684,31928240
2020,20,156631712,31928248
2020,20,156631815,31928282
2020,20,156631824,31928285
2020,12,156631991,31928314
2020,3,156627253,31931935
2020,20,160868145,33141742
2020,9,160863889,33146784
2020,12,160864174,33143366
2020,2,160864239,33143383
2020,12,160864293,33143396
2020,3,160864406,33143419
2020,18,159622758,32794854
2020,12,159620017,32804175
2020,12,159620065,32804184
2020,20,159622981,32794888
2020,9,159620243,32794908
2020,20,159623158,32804242
2020,20,159620410,32804244
2020,12,159619763,32804128
2020,12,159619784,32794826
2020,12,159619853,32804147
2020,12,159622803,32804165
2020,20,159622992,32794895
2020,20,159620405,32794943
2020,20,156631783,31928271
2020,12,156631940,31931907
2020,20,156632219,31928358
2020,22,156632952,31932051
2020,12,156633009,31928466
2020,12,156628154,31932062
2020,20,156626935,31931864
2020,20,156626978,31931876
2020,12,156631817,31928283
2020,12,156886881,31989472
2020,20,156892029,31993289
2020,12,156886888,31993292
2020,12,156886893,31989474
2020,12,156892053,31993296
2020,9,156892121,31993306
2020,12,156887007,31993311
2020,3,156892286,31993333
2020,12,156892280,31989507
2020,12,156892362,31993346
2020,12,156887174,31989518
2020,12,156887205,31989523
2020,9,156892407,31993352
2020,12,156887213,31989524
2020,12,156886946,31989478
2020,3,156892263,31993331
2020,12,145083233,28440962
2020,12,145083401,28435650
2020,12,145083433,28435654
2020,9,145083249,28435612
2020,12,145083348,28435638
2020,12,145080355,28435646
2020,17,145080355,28430882
2020,12,145114951,28453496
2020,12,145089350,28440973
2020,20,145114807,28453466
2020,20,145114901,28453487
2020,12,145115008,28453507
2020,12,145089341,28440971
2020,12,145083299,28435628
2020,12,145083334,28435634
2020,20,145114890,28453483
2020,20,145122143,28457753
2020,12,145114986,28448243
2020,10,145115057,28453525
2020,20,148298176,29511939
2020,12,148298292,29511959
2020,20,148301696,29521865
2020,12,148287924,29521871
2020,9,148287924,29516941
2020,12,145089294,28440959
2020,12,145089292,28440958
2020,12,145117117,28448225
2020,20,145117223,28448250
2020,20,145115113,28453531
2020,9,145115122,28453535
2020,20,145115130,28453537
2020,12,145114932,28453493
2020,18,145115035,28453519
2020,12,145122220,28457765
2020,3,145114710,28453439
2020,20,145114778,28453458
2020,12,145114792,28453460
2020,9,145114835,28453470
2020,18,145114971,28453502
2020,20,145122020,28453463
2020,20,145117118,28457723
2020,20,145114625,28453423
2020,12,145114720,28453445
2020,20,145114875,28453478
2020,9,145115024,28453511
2020,20,145115072,28457775
2020,12,154410987,31272952
2020,9,145089454,28440998
2020,12,145083343,28430877
2020,12,145089334,28440969
2020,12,162287357,33507975
2020,12,146898063,29122328
2020,12,146898124,29127435
2020,20,146893892,29127438
2020,12,146898144,29122347
2020,12,146893941,29127451
2020,12,146885057,29127455
2020,12,146885063,29127459
2020,20,146898238,29122361
2020,12,146898384,29127473
2020,12,146894083,29122383
2020,12,146894114,29122387
2020,12,146885144,29127488
2020,12,146885145,29115210
2020,12,146898471,29122389
2020,12,146898489,29122394
2020,20,146894187,29127501
2020,9,146894186,29127500
2020,12,146898539,29122403
2020,12,146885213,29127516
2020,12,146894251,29127518
2020,12,156892111,31989488
2020,12,148297522,29511839
2020,19,148298019,29511914
2020,20,148298043,29511917
2020,20,148298094,29511921
2020,20,148287938,29516946
2020,20,148298454,29511998
2020,12,148298468,29512001
2020,9,154414954,31264487
2020,12,154414962,31272646
2020,12,154409847,31264520
2020,12,154409918,31272684
2020,9,154415329,31264556
2020,12,154415891,31272949
2020,9,154415147,31264531
2020,12,154415147,31264533
2020,12,154409898,31272678
2020,9,154409766,31264486
2020,12,154415007,31264498
2020,12,154415179,31264537
2020,12,154415273,31264550
2020,12,154415225,31264543
2020,22,153557016,30956131
2020,22,153557015,30956130
2020,20,155703789,31619385
2020,12,155704531,31619521
2020,12,155704590,31614874
2020,12,155704601,31614875
2020,12,155698740,31614905
2020,9,155704787,31614904
2020,12,155708481,31621897
2020,18,155708481,31621898
2020,18,153553855,30959104
2020,12,153557042,30956135
2020,12,153557043,30956136
2020,12,153554049,30959167
2020,12,155697189,31619181
2020,12,155698412,31614846
2020,20,155704608,31619533
2020,12,155698578,31614880
2020,12,155704731,31614895
2020,12,155698701,31614897
2020,12,155711435,31621899
2020,20,155697256,31619195
2020,20,155698228,31614806
2020,20,155704240,31619471
2020,20,156627289,31931942
2020,20,156632145,31928343
2020,20,156627359,31928367
2020,20,156632354,31928387
2020,12,156632378,31928391
2020,20,156628073,31928461
2020,12,154410393,31272807
2020,12,154415890,31272947
2020,12,153557159,30959139
2020,12,153553976,30959144
2020,20,153557195,30959155
2020,12,153557213,30959162
2020,20,155696912,31614516
2020,20,155697505,31619250
2020,20,155698230,31614807
2020,20,155704195,31614824
2020,9,155698440,31614850
2020,12,155704514,31619518
2020,18,155698522,31614864
2020,4,155698514,31614860
2020,12,155704582,31619530
2020,12,155698609,31614884
2020,12,155704695,31619550
2020,12,155698677,31614893
2020,12,155698697,31619555
2020,18,155698725,31614900
2020,12,155704819,31619562
2020,12,153557114,30959129
2020,12,153557153,30956154
2020,2,153554050,30959168
2020,12,155697614,31614670
2020,20,155698197,31614798
2020,9,155698292,31614825
2020,9,155704598,31619532
2020,20,155697361,31614622
2020,20,155703076,31619245
2020,12,155698597,31619538
2020,12,155704679,31619547
2020,18,155704679,31619546
2020,9,155711425,31621894
2020,4,155711424,31621893
2020,20,160868142,33141738
2020,12,160863740,33143281
2020,18,160868150,33141744
2020,20,160868175,33141748
2020,20,160863767,33141752
2020,20,160863768,33143292
2020,12,160868821,33143388
2020,12,160864305,33146910
2020,12,160864440,33143426
2020,20,155702854,31614602
2020,18,155704667,31614885
2020,20,155704668,31619542
2020,2,155704714,31614892
2020,12,155698728,31614901
2020,17,155711426,31621896
2020,12,155711426,31621895
2020,12,156626595,31928154
2020,20,156631363,31931798
2020,12,156631463,31928190
2020,12,156626834,31931833
2020,20,156626850,31931840
2020,20,156631600,31928224
2020,20,156631669,31931856
2020,20,156631694,31928243
2020,12,156631703,31928246
2020,20,156631773,31928264
2020,20,156631781,31928270
2020,18,156631780,31928269
2020,10,156631779,31928268
2020,20,156631814,31928281
2020,20,156631861,31928294
2020,12,156627085,31928298
2020,12,156632061,31931927
2020,20,156632083,31928333
2020,12,156632087,31931933
2020,12,156632091,31931936
2020,20,156632144,31928342
2020,20,156627303,31931946
2020,12,156632202,31928349
2020,20,156632285,31931963
2020,20,156627401,31928375
2020,9,156632322,31931970
2020,9,156627429,31928380
2020,3,156632323,31928381
2020,20,156632325,31931971
2020,20,156627985,31932040
2020,20,156627987,31928445
2020,20,156628013,31928452
2020,20,156628020,31932044
2020,18,156632924,31932046
2020,20,156628136,31928469
2020,20,156628187,31932067
2020,20,156628218,31928478
2020,12,156633133,31932078
2020,18,156628319,31932089
2020,20,155702802,31619193
2020,20,155703032,31619237
2020,20,155704137,31619457
2020,12,155704248,31619474
2020,12,155704250,31619475
2020,12,155704454,31619511
2020,12,155698481,31614856
2020,12,155698492,31614857
2020,12,155704511,31619516
2020,11,155698526,31614866
2020,12,155698580,31619536
2020,12,155704661,31619540
2020,20,155698629,31619545
2020,12,155698737,31614902
2020,12,155704791,31614906
2020,9,155708471,31620563
2020,12,155708471,31620562
2020,4,154409744,31272632
2020,12,154414969,31272650
2020,20,155697274,31614588
2020,20,155697273,31614587
2020,20,155702990,31619227
2020,3,155697446,31614640
2020,2,155697446,31619238
2020,20,155703211,31619268
2020,20,155697725,31614708
2020,12,155698212,31619445
2020,12,155704393,31619501
2020,12,155704694,31619549
2020,12,155698672,31619553
2020,12,155704719,31619552
2020,12,155704733,31619554
2020,12,155698710,31614899
2020,12,155711398,31621887
2020,17,155711398,31621886
2020,12,154415019,31264502
2020,12,154415279,31272679
2020,12,154409908,31272681
2020,20,156631522,31931824
2020,20,156631884,31928299
2020,20,156632102,31928336
2020,12,156632222,31928359
2020,20,156632275,31928371
2020,12,155704369,31619494
2020,20,155704410,31614848
2020,12,155698518,31614862
2020,12,155698537,31614868
2020,12,155704570,31614872
2020,12,155698573,31619534
2020,12,155704620,31614877
2020,12,155704626,31614879
2020,12,155698648,31619548
2020,9,155704707,31619551
2020,12,155698667,31614891
2020,12,155698694,31614896
2020,19,153553846,30959100
2020,12,153557012,30956128
2020,12,153553885,30959114
2020,12,153557085,30956141
2020,3,153553962,30959136
2020,4,153553995,30959147
2020,4,153554000,30959150
2020,12,153553997,30959149
2020,9,153553995,30959148
2020,12,153557286,30959181
2020,2,154414788,31264446
2020,3,154409776,31272649
2020,3,154414967,31264490
2020,12,154414917,31272634
2020,12,154409743,31272630
2020,12,158396137,32448166
2020,20,158396170,32448173
2020,12,158401297,32448186
2020,20,158400976,32448198
2020,12,158401075,32448220
2020,12,158406307,32448251
2020,9,155702786,31614575
2020,20,155703120,31619255
2020,20,155703109,31619252
2020,12,155698384,31614840
2020,12,155698511,31614859
2020,12,155704512,31619517
2020,12,155704588,31619531
2020,12,155704613,31614876
2020,12,155704664,31619541
2020,12,155698666,31614890
2020,12,155698755,31614908
2020,12,155711386,31621883
2020,12,155711413,31621892
2020,12,155711410,31621891
2020,3,154414964,31264488
2020,20,154409944,31272688
2020,11,154415265,31264549
2020,12,154409755,31272637
2020,12,154415920,31264698
2020,12,154410975,31264692
2020,18,154410975,31272945
2020,12,154414966,31272647
2020,20,160863828,33143302
2020,20,160863829,33146765
2020,12,160868270,33146771
2020,12,160868417,33146805
2020,3,160868635,33146852
2020,12,153557094,30956145
2020,12,153553925,30959123
2020,12,158395181,32447995
2020,12,158395230,32448010
2020,2,158400268,32438127
2020,12,158400295,32438136
2020,12,158395334,32438138
2020,12,158400354,32438143
2020,12,158400415,32438156
2020,20,158400660,32438181
2020,20,158400663,32438183
2020,20,158400823,32448168
2020,12,158401081,32438230
2020,20,158401110,32448224
2020,20,158401712,32448230
2020,12,158406272,32438253
2020,3,158401840,32438254
2020,19,160863719,33143277
2020,12,160863946,33143330
2020,12,160863990,33143336
2020,12,160868495,33146816
2020,20,160868639,33143358
2020,12,153557130,30956152
2020,12,153557199,30956164
2020,9,153554045,30956169
2020,12,159622549,32804115
2020,20,159622791,32794865
2020,20,159619978,32804164
2020,12,159622798,32794867
2020,12,159620020,32804177
2020,12,159620033,32794874
2020,12,159620036,32804181
2020,12,159620230,32804207
2020,20,159623006,32794906
2020,20,159620253,32804216
2020,20,159620334,32804229
2020,20,159620346,32794930
2020,20,159620364,32804234
2020,20,159620369,32804235
2020,12,153554005,30959152
2020,12,153557189,30959153
2020,12,153557214,30956166
2020,12,153554090,30959177
2020,12,153557144,30956153
2020,12,153553923,30959121
2020,12,153554130,30956179
2020,12,158400183,32447990
2020,12,158400206,32438105
2020,12,158400227,32438112
2020,12,158400267,32438126
2020,12,158400273,32438129
2020,3,158400281,32448027
2020,22,158395276,32448026
2020,12,158395291,32448028
2020,12,158395352,32448040
2020,12,158395360,32448041
2020,12,158400347,32448043
2020,12,158400383,32438150
2020,12,158395415,32448055
2020,20,158400606,32438173
2020,20,158395768,32448106
2020,9,158395912,32448130
2020,12,158400750,32438195
2020,20,158400791,32448149
2020,20,158396047,32448150
2020,20,158396109,32448160
2020,20,158396006,32448139
2020,9,158401281,32448184
2020,20,158400929,32448190
2020,12,158401456,32438224
2020,12,158401092,32438231
2020,12,158401690,32448227
2020,20,158406228,32448240
2020,20,158406255,32438251
2020,20,158401843,32448243
2020,12,158401898,32448258
2020,20,158406323,32438262
2020,20,158406359,32438267
2020,9,158402001,32448268
2020,12,149217227,29761814
2020,12,149217473,29761868
2020,2,149221911,29756943
2020,18,149217496,29761872
2020,2,149217504,29761874
2020,20,149217144,29761794
2020,12,149221710,29756901
2020,12,149221988,29761856
2020,11,149217050,29761774
2020,12,149217382,29761845
2020,12,149222010,29756960
2020,20,149217180,29761802
2020,19,149217190,29761804
2020,20,149217231,29761815
2020,12,149217304,29761831
2020,12,149217314,29761835
2020,12,149217329,29761837
2020,12,149217370,29761842
2020,12,149217308,29756933
2020,12,149217313,29761834
2020,6,149217428,29761854
2020,12,149217446,29761859
2020,12,149221873,29756934
2020,12,149217341,29761838
2020,12,149222005,29756958
2020,12,149222004,29756957
2020,12,149217503,29761873
2020,12,149217512,29761875
2020,12,149217513,29761876
2020,9,149217524,29761877
2020,12,149217078,29761778
2020,10,149221714,29756903
2020,20,149217208,29761808
2020,9,149217225,29761812
2020,20,149221886,29756939
2020,12,149221899,29756941
2020,12,149221906,29756942
2020,12,149221932,29756947
2020,12,149221937,29756948
2020,14,149217409,29761851
2020,12,149217422,29761852
2020,18,149217425,29761853
2020,12,149217252,29761821
2020,12,149217281,29761826
2020,12,149217290,29756930
2020,12,149217371,29761843
2020,20,149217399,29761849
2020,12,156892030,31993290
2020,12,156886929,31989477
2020,19,156886954,31989482
2020,12,156892122,31993307
2020,12,156892326,31993337
2020,12,156892305,31989511
2020,20,156887168,31989515
2020,12,156892387,31993349
2020,12,156887209,31993353
2020,18,150626968,30064205
2020,12,149221767,29756909
2020,12,149222007,29756959
2020,12,149217476,29761869
2020,12,149216988,29756858
2020,20,149221651,29756881
2020,20,149217237,29761818
2020,9,149221912,29756944
2020,12,149221913,29756945
2020,12,149222019,29756961
2020,12,149222021,29756962
2020,12,149217488,29761870
2020,20,155697499,31619247
2020,20,149217006,29756859
2020,20,149221679,29756888
2020,12,149221726,29756904
2020,12,149221800,29756917
2020,12,149221847,29756926
2020,12,149217318,29756938
2020,12,149221985,29756953
2020,20,149217150,29756896
2020,12,150622757,30064213
2020,12,150626877,30064168
2020,3,150626882,30071957
2020,12,149221549,29756860
2020,20,149221550,29756861
2020,12,149217043,29761771
2020,12,149221894,29756940
2020,6,149217348,29761840
2020,12,149217407,29761850
2020,12,150626772,30064139
2020,12,150622730,30064206
2020,10,150626852,30071945
2020,12,149221864,29756929
2020,12,149221867,29756932
2020,12,149217365,29756946
2020,18,149221662,29756884
2020,20,149221676,29756887
2020,12,149217125,29761789
2020,20,149217179,29761801
2020,14,149217193,29756907
2020,12,149217310,29761833
2020,12,149221961,29756951
2020,12,149221559,29756867
2020,12,149221611,29761776
2020,12,149221641,29756880
2020,20,149221671,29756886
2020,3,149217157,29761795
2020,12,160864095,33143356
2020,12,160868700,33143362
2020,12,160868876,33146899
2020,12,160868730,33146865
2020,20,160868893,33143397
2020,12,162284446,33503577
2020,11,162284491,33503589
2020,9,162284496,33507990
2020,12,162284514,33503597
2020,12,162287486,33507995
2020,12,162287506,33508002
2020,12,162287528,33508008
2020,12,162287535,33503620
2020,4,162287611,33508031
2020,12,162287638,33508035
2020,12,162284712,33503642
2020,12,162287761,33508054
2020,20,162284966,33503685
2020,20,162287988,33503688
2020,20,162285093,33503709
2020,20,162285215,33503731
2020,9,162288306,33508123
2020,20,162285302,33508126
2020,20,162285330,33503745
2020,12,162288346,33503749
2020,20,162285400,33508140
2020,18,160868381,33143328
2020,12,160868867,33143393
2020,12,160869003,33146928
2020,2,160864385,33146934
2020,18,158395201,32448000
2020,12,158395242,32448013
2020,20,158395636,32438163
2020,12,158401127,32438235
2020,20,158406390,32438272
2020,12,159619786,32804132
2020,12,159619884,32804154
2020,9,159620031,32804180
2020,12,159622866,32804186
2020,3,159623024,32804212
2020,12,159623156,32794940
2020,20,159620433,32804247
2020,12,159620269,32804218
2020,12,158395732,32448097
2020,12,158395516,32448062
2020,12,160868725,33143367
2020,20,158396023,32448145
2020,12,158396143,32448169
2020,12,158400832,32448170
2020,12,158400825,32438206
2020,12,158400988,32438222
2020,12,158400990,32438223
2020,12,158401679,32438234
2020,20,158401732,32448233
2020,9,158406247,32438247
2020,20,158401947,32438268
2020,20,158402054,32448274
2020,12,159622738,32794850
2020,9,159623061,32794919
2020,12,159623063,32794920
2020,17,159619764,32804130
2020,12,159619764,32804129
2020,12,159619830,32794838
2020,12,159622696,32794842
2020,12,159620360,32804233
2020,12,162284548,33503603
2020,20,162287862,33508071
2020,20,162287863,33508072
2020,20,162285053,33503698
2020,12,162288197,33503728
2020,12,162285209,33508112
2020,20,162285299,33503741
2020,4,162288326,33508129
2020,3,162285371,33503757
2020,12,162288409,33503763
2020,20,162285472,33503772
2020,10,159620295,32794916
2020,20,159623069,32794923
2020,20,159623177,32794946
2020,12,148297282,29511799
2020,12,148287148,29521770
2020,12,148297344,29511812
2020,12,148297397,29511821
2020,12,148297539,29511842
2020,20,148287515,29511876
2020,12,148297788,29511887
2020,12,148287615,29516863
2020,12,148287614,29516862
2020,20,148298064,29511918
2020,12,148298080,29516877
2020,12,148287819,29516907
2020,20,148298317,29511966
2020,20,148298340,29516919
2020,20,148301683,29516924
2020,12,148287887,29511981
2020,20,148287940,29516947
2020,20,148298450,29511995
2020,12,148301742,29521880
2020,20,148298476,29512003
2020,9,148298479,29512005
2020,12,156892054,31993295
2020,19,156886965,31989485
2020,12,145089404,28440987
2020,12,145114748,28453448
2020,12,145080363,28430884
2020,12,145083285,28435624
2020,12,145083284,28435623
2020,12,156892099,31993304
2020,12,156892165,31993312
2020,12,156892284,31989508
2020,12,156892360,31993345
2020,18,156892366,31993347
2020,12,156892415,31993354
2020,12,148297242,29511789
2020,12,148287115,29516782
2020,12,148297369,29511815
2020,12,148287228,29516792
2020,12,148287231,29516793
2020,20,148301286,29521787
2020,12,148297656,29511864
2020,10,148297688,29511871
2020,12,148297712,29511874
2020,20,148287715,29516882
2020,20,145122245,28457770
2020,12,145121891,28457694
2020,12,145121944,28457707
2020,20,145117157,28448238
2020,12,145122269,28457780
2020,12,152650514,30680773
2020,20,152650622,30680785
2020,20,152650620,30680784
2020,22,152650655,30680788
2020,11,152650653,30680787
2020,2,152650750,30680810
2020,12,152650855,30680827
2020,12,152650866,30680828
2020,18,152650982,30680854
2020,12,152650983,30680855
2020,12,152651013,30680869
2020,17,152651013,30680868
2020,18,152651046,30680878
2020,18,152651104,30680890
2020,20,152651135,30680894
2020,10,152651186,30680901
2020,12,145089428,28440992
2020,12,156887010,31989492
2020,12,156892174,31993315
2020,12,145121967,28457712
2020,19,145122148,28457756
2020,12,145089297,28440960
2020,12,145089376,28440978
2020,11,145089410,28440988
2020,12,145089443,28435632
2020,20,145117204,28448246
2020,12,145089460,28435635
2020,20,145114776,28453457
2020,12,146893842,29127427
2020,10,146893841,29127426
2020,12,146898126,29122344
2020,18,146898134,29122346
2020,12,146898171,29122351
2020,12,146898176,29127449
2020,12,146893952,29122356
2020,12,146898191,29127456
2020,12,146893976,29115194
2020,12,146898241,29115198
2020,12,146898340,29122376
2020,12,146885119,29127475
2020,12,146898413,29127482
2020,12,146894103,29127484
2020,12,146894106,29122386
2020,12,146885171,29115212
2020,12,146898514,29127502
2020,12,146894242,29127515
2020,12,146894276,29127523
2020,12,148297219,29511783
2020,12,148301185,29521764
2020,12,148301195,29521765
2020,12,148301205,29521771
2020,12,148297332,29511809
2020,2,148301206,29521772
2020,19,148287241,29516796
2020,11,148301270,29521781
2020,20,148297659,29516838
2020,12,148287545,29511889
2020,9,148287618,29516865
2020,20,148301612,29521847
2020,20,148301620,29521848
2020,20,148287824,29511958
2020,20,148287891,29516929
2020,18,148287952,29516950
2020,12,145089321,28440967
2020,12,145089320,28440966
2020,12,145089532,28441005
2020,20,148297540,29511843
2020,12,148287761,29511942
2020,20,148301571,29521836
2020,12,148301575,29521837
2020,18,148298279,29516903
2020,12,148298418,29511989
2020,20,148301752,29516954
2020,12,148287974,29516957
2020,12,145089339,28440970
2020,20,145089596,28441013
2020,12,156892176,31993316
2020,12,156892216,31989500
2020,12,156887094,31989502
2020,12,156887105,31989505
2020,12,156892270,31989506
2020,12,156892383,31989519
2020,12,148287067,29516771
2020,12,148297244,29511790
2020,18,148287087,29516775
2020,12,148297279,29511798
2020,20,148297666,29511865
2020,20,148297863,29516854
2020,12,156892170,31993314
2020,12,156887177,31993348
2020,9,145117216,28448247
2020,12,160863729,33143279
2020,12,160868388,33146798
2020,12,160868473,33146813
2020,12,160868501,33143343
2020,12,160868596,33146843
2020,12,160868731,33146866
2020,12,160864190,33146871
2020,12,160864162,33146863
2020,12,160868785,33146887
2020,12,160864220,33143377
2020,12,160864272,33146893
2020,12,160868874,33146898
2020,5,160864338,33146922
2020,19,160868997,33146926
2020,19,160868996,33146925
2020,17,160869032,33146936
2020,12,160869032,33143416
2020,2,156892190,31993321
2020,12,156892228,31993325
2020,12,156626050,31928127
2020,18,156626524,31931769
2020,20,156626109,31931771
2020,12,156626557,31928133
2020,20,156626636,31928158
2020,12,156626657,31931788
2020,20,156631289,31928167
2020,18,156631357,31928176
2020,12,156631453,31928189
2020,20,156631512,31931822
2020,20,156626833,31931835
2020,12,156631584,31928218
2020,12,156626862,31931844
2020,12,156626891,31931846
2020,20,156631682,31928238
2020,19,156626919,31928237
2020,20,156631716,31931862
2020,20,156631731,31931870
2020,12,156631740,31931872
2020,20,156631744,31928258
2020,20,156626976,31931875
2020,20,156627004,31928267
2020,20,156627019,31928276
2020,3,156631801,31928279
2020,20,156631784,31928272
2020,12,156631813,31928280
2020,12,156631910,31928304
2020,20,156627137,31931904
2020,12,148298068,29511919
2020,20,148301523,29521833
2020,5,148301522,29511932
2020,20,148298187,29511941
2020,12,148298383,29511982
2020,12,148287900,29516933
2020,9,148298421,29511990
2020,12,148287089,29516776
2020,12,148297325,29511806
2020,12,148297328,29511808
2020,12,148297336,29516786
2020,12,155708487,31620567
2020,12,159619730,32804114
2020,12,159619738,32794810
2020,12,159620156,32804192
2020,12,159623017,32794909
2020,12,159623118,32794934
2020,12,154414856,31264461
2020,12,154414933,31264479
2020,12,154409767,31272642
2020,12,154414985,31264493
2020,12,154409802,31264500
2020,12,154415011,31264499
2020,12,154409807,31272658
2020,12,154415077,31272666
2020,12,154415138,31264527
2020,12,154415141,31264529
2020,12,154415261,31264548
2020,12,154415284,31264553
2020,12,153557011,30956127
2020,12,153553871,30959108
2020,12,153557131,30959132
2020,12,153553977,30959143
2020,12,159622619,32804131
2020,12,159622692,32794841
2020,12,159619963,32794859
2020,9,159622848,32794876
2020,20,159623133,32794936
2020,20,159620401,32794941
2020,12,155704386,31619498
2020,12,155704564,31619526
2020,20,154409726,31272627
2020,20,154414896,31264465
2020,12,154414912,31272631
2020,5,154414911,31264471
2020,12,154415229,31272674
2020,12,153557017,30959103
2020,20,160863876,33143315
2020,12,160868450,33146810
2020,12,160868775,33146882
2020,12,160868917,33146908
2020,17,160868917,33146909
2020,20,160868916,33146907
2020,12,160868926,33146912
2020,12,160864382,33143414
2020,12,160864396,33143417
2020,17,160869085,33146950
2020,12,160869085,33143423
2020,12,160864425,33146951
2020,20,154415327,31272691
2020,12,154409975,31272694
2020,9,154411006,31272956
2020,12,154411006,31272957
2020,12,153557049,30959113
2020,12,153553906,30956139
2020,2,153557197,30956163
2020,12,153554042,30959163
2020,12,153557229,30956170
2020,10,153554083,30959175
2020,20,154414771,31264443
2020,12,154415159,31264535
2020,9,153557155,30959138
2020,12,153557205,30956165
2020,12,153557246,30956173
2020,12,155698409,31614844
2020,12,154409810,31264506
2020,12,154409927,31272685
2020,3,153557127,30956151
2020,3,153557126,30956150
2020,12,153557183,30959151
2020,20,153553931,30959124
2020,12,153557176,30956159
2020,12,153557139,30959135
2020,18,155696841,31614500
2020,9,155702378,31619116
2020,12,156892056,31993297
2020,20,156892077,31993300
2020,12,156886944,31989479
2020,12,156886950,31989480
2020,12,156886970,31989486
2020,12,156892114,31989490
2020,12,156887011,31989493
2020,12,156887018,31989495
2020,18,156887040,31993320
2020,12,156887035,31989496
2020,12,156887058,31989498
2020,18,156892203,31993322
2020,12,156887075,31989501
2020,12,156892236,31993329
2020,12,156887143,31993335
2020,12,156887137,31989510
2020,12,154414942,31264482
2020,20,154409818,31272660
2020,12,154409849,31264522
2020,9,155708478,31620566
2020,10,155708478,31620565
2020,12,154409700,31264449
2020,12,154414918,31264475
2020,12,154409775,31272648
2020,12,154415021,31264503
2020,12,154415024,31264505
2020,12,154415042,31264508
2020,12,154415322,31264555
2020,3,155697249,31619194
2020,12,155704752,31619557
2020,12,155698399,31614842
2020,12,155698524,31614865
2020,9,155698738,31614903
2020,12,155698739,31619559
2020,20,155697635,31614676
2020,12,155704795,31614907
2020,12,154414793,31272620
2020,12,154414808,31264451
2020,12,154414910,31264472
2020,12,154414986,31264494
2020,12,154409840,31264516
2020,12,154409885,31264544
2020,12,154414797,31264447
2020,19,154414823,31272622
2020,12,154414818,31272621
2020,12,154415061,31272665
2020,18,154415065,31264514
2020,12,154409854,31264525
2020,12,154415144,31272668
2020,12,154415156,31264534
2020,12,154415176,31264536
2020,10,154409904,31264552
2020,12,154414830,31264455
2020,12,154415289,31272682
2020,12,154414801,31264450
2020,12,154414807,31264453
2020,12,154409712,31272623
2020,12,154414902,31264468
2020,11,154414916,31264474
2020,18,154414952,31272641
2020,12,154409768,31272643
2020,12,154414957,31272645
2020,12,154415122,31264519
2020,12,154410971,31272944
2020,12,158396152,32448172
2020,19,158401923,32438266
2020,20,158406373,32438271
2020,12,158406441,32438274
2020,12,155702885,31614612
2020,20,155704215,31619465
2020,12,155698587,31614881
2020,18,155704675,31619544
2020,12,160863870,33143312
2020,12,160868526,33146825
2020,12,160868939,33146918
2020,20,160864079,33146849
2020,12,160868878,33143395
2020,3,159622581,32794817
2020,12,159622703,32804140
2020,12,159622789,32794863
2020,20,159620192,32804197
2020,20,159622976,32804200
2020,12,159623072,32794924
2020,12,148287090,29511796
2020,12,148297258,29511793
2020,12,148301200,29521767
2020,12,148297418,29511823
2020,12,148297430,29511825
2020,12,148301463,29521821
2020,20,148301587,29521842
2020,12,148287812,29516905
2020,18,148287823,29516911
2020,12,148301666,29511973
2020,12,148298360,29511977
2020,20,148301689,29521864
2020,12,148287889,29516928
2020,18,148287888,29516927
2020,12,148298390,29511983
2020,20,148287907,29516935
2020,12,146884995,29115180
2020,12,146885196,29127507
2020,12,146898526,29122399
2020,12,146894297,29127528
2020,12,146885230,29115223
2020,18,146894079,29115207
2020,12,146894146,29127490
2020,12,146898508,29127499
2020,12,146894201,29127504
2020,12,146885201,29115217
2020,12,146898536,29122402
2020,12,146894250,29127517
2020,12,146893996,29127462
2020,12,146893994,29127461
2020,12,146894180,29127497
2020,12,146894232,29127512
2020,12,146885249,29115227
2020,12,146885023,29122342
2020,12,146885024,29115187
2020,12,146885019,29127432
2020,18,146885149,29127489
2020,12,146885238,29115226
2020,12,146898132,29122345
2020,20,146898253,29115199
2020,9,146894012,29127465
2020,12,146894057,29127468
2020,12,146885120,29127476
2020,18,146898244,29122362
2020,12,146898093,29122336
2020,12,146885222,29127520
2020,12,146885073,29115197
2020,12,152650532,30680774
2020,12,152650675,30680793
2020,12,152650728,30680799
2020,12,152650890,30680832
2020,18,152650940,30680842
2020,12,152650992,30680857
2020,18,152651008,30680864
2020,9,152651008,30680863
2020,3,152651008,30680862
2020,12,152651077,30680883
2020,12,146894156,29127494
2020,12,146894173,29127496
2020,12,146894202,29115215
2020,20,146885231,29115224
2020,12,146893970,29127458
2020,14,146894206,29127506
2020,12,146885220,29115221
2020,12,146898574,29122408
2020,12,146893851,29127430
2020,9,146898394,29122382
2020,18,146898080,29122332
2020,20,146893899,29127440
2020,17,159622596,32804126
2020,12,159622596,32804125
2020,12,146898466,29122388
2020,12,146894153,29127493
2020,12,146898545,29122404
2020,12,151644225,30303323
2020,12,151646753,30298538
2020,12,151644378,30303352
2020,3,151644083,30298495
2020,3,151644085,30303291
2020,12,151646846,30298555
2020,12,151643863,30303236
2020,12,151644140,30298501
2020,12,151646672,30303322
2020,12,151646683,30298515
2020,12,151646550,30298487
2020,20,151646544,30303271
2020,12,151644108,30298500
2020,12,151644212,30298510
2020,12,151644135,30303305
2020,12,151646438,30298450
2020,12,151646620,30303312
2020,12,151646737,30298532
2020,12,151646817,30303355
2020,5,151644414,30303363
2020,20,151646614,30303309
2020,12,151644190,30303315
2020,3,155704657,31619539
2020,12,155698687,31614894
2020,20,151646616,30298502
2020,12,151642281,30302908
2020,12,151644106,30303297
2020,12,151644278,30298527
2020,18,151644278,30298529
2020,12,151646831,30298553
2020,12,153553870,30959107
2020,12,153557106,30956147
2020,12,153554025,30959159
2020,20,153557124,30959131
2020,21,153557168,30959146
2020,21,153553981,30959145
2020,12,153553987,30956157
2020,12,153554046,30959165
2020,12,153557025,30956133
2020,12,153553936,30959126
2020,16,153554081,30959174
2020,9,153557257,30956174
2020,12,153554123,30959180
2020,12,153557009,30956126
2020,12,153557146,30959137
2020,12,153557166,30959142
2020,12,153557212,30959161
2020,12,153557029,30956134
2020,12,153554066,30956171
2020,12,153557013,30959102
2020,12,153553960,30959134
2020,12,153553969,30956156
2020,10,153554148,30959186
2020,12,153553862,30959105
2020,3,153557032,30959109
2020,3,153553875,30959110
2020,12,153553926,30956144
2020,12,153553913,30959118
2020,11,153554002,30956160
2020,12,153557134,30959133
2020,12,153557162,30959140
2020,12,153557202,30959160
2020,9,153557231,30959171
2020,20,153557241,30956172
2020,12,153553864,30956132
2020,12,153557087,30956142
2020,12,153553994,30956158
2020,12,153557283,30956177
2020,20,151646496,30303266
2020,12,151646705,30298523
2020,18,151646749,30303335
2020,12,151646847,30298556
2020,12,153553894,30959116
2020,20,153557091,30956143
2020,12,153557216,30956168
2020,5,153553869,30959106
2020,12,153553909,30956140
2020,12,153554047,30959166
2020,12,153553852,30959101
2020,9,153557259,30959178
2020,12,153554128,30956178
2020,12,153554134,30959183
2020,18,153554145,30959184
2020,12,153557160,30956155
2020,12,153554043,30956167
2020,20,155698151,31614794
2020,20,155704142,31619459
2020,12,155698460,31614854
2020,12,155704471,31619514
2020,12,155704470,31619513
2020,20,155702905,31614618
2020,20,155703104,31619251
2020,12,155697633,31614675
2020,20,155703802,31619392
2020,20,155704228,31619468
2020,12,155698385,31619493
2020,12,155704389,31614843
2020,12,155704448,31619510
2020,12,155698521,31614863
2020,12,155704559,31619525
2020,12,155698574,31614878
2020,12,155698640,31614888
2020,12,155704829,31619565
2020,12,151646444,30298453
2020,12,151644115,30303299
2020,12,151644141,30303306
2020,20,151644162,30303310
2020,12,151646634,30298504
2020,18,151644221,30303321
2020,12,151644044,30303273
2020,12,151646729,30298530
2020,2,151644305,30303342
2020,9,151644349,30303348
2020,9,151644350,30298548
2020,12,151638738,30297930
2020,12,151644264,30303330
2020,20,156626667,31931790
2020,20,156626533,31931770
2020,20,156626628,31931783
2020,9,156626631,31928157
2020,12,156631287,31928166
2020,20,156631317,31931794
2020,12,156631335,31928172
2020,20,156631378,31931803
2020,12,151644295,30298540
2020,4,151644313,30303344
2020,12,151646815,30303353
2020,12,151646636,30303314
2020,12,151646601,30303302
2020,2,151646841,30303360
2020,12,151644145,30303307
2020,12,151646662,30298511
2020,12,151644252,30303329
2020,12,151646745,30298534
2020,3,151644292,30303337
2020,12,151644430,30303365
2020,20,151646593,30303294
2020,10,151644294,30298539
2020,10,151644297,30303341
2020,12,151644359,30303351
2020,20,151638715,30297924
2020,12,151642283,30302909
2020,12,151638758,30297933
2020,20,145117146,28448234
2020,9,145117180,28448241
2020,12,148297203,29516768
2020,20,148297641,29511862
2020,9,148287734,29516887
2020,18,159622769,32794858
2020,12,159620000,32794870
2020,12,159622810,32804173
2020,20,159620200,32794890
2020,12,160864096,33143357
2020,12,160868782,33143376
2020,12,160868817,33143387
2020,18,160864341,33143409
2020,12,160864262,33143389
2020,20,160868914,33146906
2020,12,160864375,33143412
2020,12,162284349,33503560
2020,17,162287337,33503570
2020,12,162287337,33507971
2020,12,162287354,33503574
2020,12,162284552,33503604
2020,12,162287489,33507997
2020,12,162287497,33503608
2020,12,162284566,33503611
2020,12,162287509,33503614
2020,12,162287531,33503619
2020,12,162284593,33508010
2020,12,162287559,33503624
2020,10,162284717,33508036
2020,20,162287689,33503647
2020,20,162287707,33508046
2020,20,162284765,33503654
2020,12,162287755,33508053
2020,20,162287767,33508055
2020,12,162284794,33503662
2020,11,162287809,33508060
2020,12,162284890,33508073
2020,20,162287923,33508078
2020,18,162284938,33503678
2020,20,162284945,33508081
2020,20,162287932,33503679
2020,12,158395766,32448105
2020,12,158401650,32448222
2020,20,158401107,32448223
2020,20,158395911,32448129
2020,20,158396149,32438209
2020,18,158396147,32438208
2020,12,158395227,32448008
2020,10,158400245,32438119
2020,18,158400266,32438125
2020,19,158400363,32448048
2020,12,158395403,32438151
2020,12,158400525,32448071
2020,9,158400783,32448140
2020,20,158396032,32448146
2020,20,158396017,32448143
2020,12,158401066,32438229
2020,12,158401135,32438237
2020,12,159619725,32804113
2020,12,159622734,32804151
2020,20,158400695,32438189
2020,12,158400241,32438117
2020,12,158400913,32448187
2020,20,158401341,32448191
2020,12,160868385,33146799
2020,20,160863950,33143331
2020,12,160863991,33146812
2020,10,160864419,33143421
2020,20,160864084,33143355
2020,12,160868889,33146900
2020,12,160868995,33146924
2020,12,162287290,33507962
2020,12,162287453,33507988
2020,12,162287464,33503595
2020,12,162284562,33503609
2020,12,162287507,33508003
2020,12,162287529,33508009
2020,12,162284600,33508011
2020,12,162284611,33508020
2020,12,162287564,33503625
2020,20,162287813,33508061
2020,12,162287847,33508066
2020,12,162287986,33508085
2020,12,162288119,33503718
2020,9,162285174,33503726
2020,20,162288244,33508118
2020,12,162288258,33508120
2020,12,162288245,33508117
2020,12,162288312,33508125
2020,20,162288284,33503736
2020,20,162285335,33503747
2020,20,162285351,33503751
2020,20,162288371,33508136
2020,20,162285407,33503762
2020,20,162285436,33503765
2020,9,162288417,33508146
2020,12,162285438,33503766
2020,20,162285445,33503767
2020,12,160868755,33143374
2020,12,160864199,33146879
2020,20,162288398,33508142
2020,12,158395679,32448080
2020,10,158395849,32438182
2020,12,158400886,32438214
2020,12,158401550,32448212
2020,18,158401159,32438238
2020,20,158406251,32448241
2020,12,158401864,32448246
2020,20,158401900,32438263
2020,20,158402039,32448273
2020,20,158406464,32438279
2020,20,160863800,33143296
2020,12,160864071,33146846
2020,12,158400218,32448001
2020,12,158400240,32438116
2020,12,158400260,32438123
2020,18,158395254,32448017
2020,3,158400451,32438160
2020,12,162284495,33503592
2020,12,162284507,33507993
2020,12,162284873,33508070
2020,12,162287908,33503676
2020,20,162284931,33503677
2020,12,158395281,32438134
2020,12,158400356,32438144
2020,12,158395379,32438145
2020,20,158395955,32448135
2020,12,158400966,32448197
2020,20,158401952,32448260
2020,3,158406368,32438269
2020,12,159622671,32794836
2020,12,159578003,32782632
2020,12,159622580,32794816
2020,12,159622626,32794828
2020,12,159622743,32794852
2020,12,159620002,32804166
2020,12,159620004,32804169
2020,12,159623175,32794945
2020,12,162287331,33507970
2020,12,162284436,33507979
2020,20,162288007,33508086
2020,20,162288223,33508114
2020,12,159619742,32804118
2020,12,159622641,32804134
2020,2,159622725,32794849
2020,12,159619999,32794869
2020,12,159619880,32794853
2020,12,159620153,32804191
2020,12,159623012,32804209
2020,20,160863732,33143280
2020,20,160868180,33141751
2020,20,160868178,33141750
2020,3,160868254,33146769
2020,20,162288097,33508095
2020,12,162287651,33508041
2020,12,162287956,33508082
2020,12,162288184,33508107
2020,20,162285300,33508127
2020,3,162285374,33503758
2020,10,162285481,33503773
2020,9,160868184,33141753
2020,20,160868236,33146764
2020,12,160863879,33143316
2020,20,160863885,33146781
2020,20,160868428,33146806
2020,12,162287426,33507984
2020,20,162288422,33508148
2020,20,162285024,33508091
2020,20,162288362,33508135
2020,2,158400270,32438128
2020,12,158400343,32438141
2020,12,158395400,32448052
2020,20,158395967,32448137
2020,12,158395808,32448115
2020,14,159622654,32794830
2020,20,159622982,32794889
2020,20,158395976,32448138
2020,12,158400430,32438157
2020,12,158395733,32448098
2020,12,158395951,32448133
2020,20,159620210,32794891
2020,20,159623083,32794925
2020,12,159623089,32794928
2020,12,159623183,32804245
2020,12,162284604,33508016
2020,9,162287699,33508043
2020,12,162287703,33508044
2020,12,162287884,33503673
2020,20,162284913,33503675
2020,20,162285032,33503695
2020,20,162288170,33508105
2020,12,159622709,32804143
2020,20,159620281,32794912
2020,12,162284559,33503607
2020,20,162288087,33503710
2020,12,162288155,33508104
2020,20,162285219,33503732
2020,12,159620216,32804204
2020,12,159622597,32804127
2020,12,162284348,33503559
2020,18,162284509,33507991
2020,3,162284513,33503596
2020,12,162284553,33507998
2020,12,162287494,33507999
2020,12,162287508,33508004
2020,12,162287604,33508029
2020,12,162284721,33503645
2020,19,156892021,31993287
2020,12,156892036,31993291
2020,12,156892127,31989491
2020,12,156887032,31993319
2020,12,156892183,31993318
2020,12,156892229,31993326
2020,12,156892299,31993334
2020,12,156892323,31989513
2020,12,156892331,31993339
2020,12,156892398,31989520
2020,12,156892403,31993351
2020,18,156892338,31993340
2020,12,156892396,31993350
2020,9,156887161,31993344
2020,10,156887161,31993342
2020,17,156887161,31993343
2020,2,159622553,32804116
2020,12,159622568,32804117
2020,12,159622573,32794815
2020,12,159622588,32794818
2020,12,159622660,32794832
2020,12,159622698,32794843
2020,12,159622710,32804142
2020,12,159619970,32794861
2020,12,159619993,32794866
2020,12,159622814,32804176
2020,12,159622950,32794886
2020,20,159620231,32794905
2020,12,159620260,32804217
2020,12,159620407,32794944
2020,20,159623208,32794955
2020,19,159623211,32794956
2020,3,158395672,32448079
2020,20,158395819,32438178
2020,20,158395791,32448112
2020,20,158395949,32438192
2020,3,158395957,32438193
2020,20,158400773,32438197
2020,20,158400799,32438201
2020,20,158400784,32448142
2020,12,158401349,32448192
2020,12,158400982,32438221
2020,20,158401022,32438227
2020,20,158401804,32438248
2020,12,158406298,32448248
2020,10,158406297,32448247
2020,20,158406300,32438257
2020,20,158401897,32448257
2020,12,158401901,32448259
2020,18,158406371,32448261
2020,18,158406374,32438270
2020,4,158402030,32448271
2020,12,158406428,32448272
2020,18,154410998,31272955
2020,3,159622590,32804124
2020,2,159622675,32794837
2020,12,159619866,32804150
2020,12,159619872,32804152
2020,12,159622784,32794860
2020,12,159622818,32794873
2020,12,159622868,32804187
2020,20,159622980,32804201
2020,12,159622994,32794897
2020,12,159623014,32804210
2020,12,159620276,32804220
2020,12,159620273,32794911
2020,20,159623052,32794913
2020,20,159620332,32804228
2020,12,159620331,32804227
2020,20,159623188,32794949
2020,12,159623206,32794954
2020,11,159620447,32804249
