"DATA_YEAR","NIBRS_MONTH_ID","AGENCY_ID","MONTH_NUM","DATA_YEAR","REPORTED_STATUS","REPORT_DATE","UPDATE_FLAG","ORIG_FORMAT","DATA_HOME","DDOCNAME","DID","MONTH_PUB_STATUS"
2019,8148559,20577,1,2019,"I",,"Y","G","C","2019_01_VTDMV0000_NIBRS",41494201,0
2019,8156221,20577,2,2019,"I",,"Y","G","C","2019_02_VTDMV0000_NIBRS",67212697,0
2019,8163883,20577,3,2019,"I",,"Y","G","C","2019_03_VTDMV0000_NIBRS",48044474,0
2019,8171545,20577,4,2019,"I",,"Y","G","C","2019_04_VTDMV0000_NIBRS",49605527,0
2019,8179207,20577,5,2019,"Z",,"Y","G","C","2019_05_VTDMV0000_NIBRS",62617483,0
2019,8186869,20577,6,2019,"I",,"Y","G","C","2019_06_VTDMV0000_NIBRS",49611615,0
2019,8194531,20577,7,2019,"I",,"Y","G","C","2019_07_VTDMV0000_NIBRS",56540050,0
2019,8202193,20577,8,2019,"I",,"Y","G","C","2019_08_VTDMV0000_NIBRS",50632382,0
2019,8209855,20577,9,2019,"I",,"Y","G","C","2019_09_VTDMV0000_NIBRS",58691470,0
2019,8217517,20577,10,2019,"I",,"Y","G","C","2019_10_VTDMV0000_NIBRS",64124503,0
2019,8225179,20577,11,2019,"Z",,"Y","G","C","2019_11_VTDMV0000_NIBRS",62610619,0
2019,8232841,20577,12,2019,"I",,"Y","G","C","2019_12_VTDMV0000_NIBRS",69827674,0
2019,8148570,20590,1,2019,"I",,"Y","G","C","2019_01_VTVSP1200_NIBRS",69832008,0
2019,8156232,20590,2,2019,"I",,"Y","G","C","2019_02_VTVSP1200_NIBRS",69837114,0
2019,8163894,20590,3,2019,"I",,"Y","G","C","2019_03_VTVSP1200_NIBRS",62514090,0
2019,8171556,20590,4,2019,"I",,"Y","G","C","2019_04_VTVSP1200_NIBRS",56547854,0
2019,8179218,20590,5,2019,"I",,"Y","G","C","2019_05_VTVSP1200_NIBRS",71657592,0
2019,8186880,20590,6,2019,"I",,"Y","G","C","2019_06_VTVSP1200_NIBRS",71657618,0
2019,8194542,20590,7,2019,"I",,"Y","G","C","2019_07_VTVSP1200_NIBRS",58694052,0
2019,8202204,20590,8,2019,"I",,"Y","G","C","2019_08_VTVSP1200_NIBRS",62508024,0
2019,8209866,20590,9,2019,"I",,"Y","G","C","2019_09_VTVSP1200_NIBRS",71653400,0
2019,8217528,20590,10,2019,"I",,"Y","G","C","2019_10_VTVSP1200_NIBRS",67205860,0
2019,8225190,20590,11,2019,"I",,"Y","G","C","2019_11_VTVSP1200_NIBRS",67211546,0
2019,8232852,20590,12,2019,"I",,"Y","G","C","2019_12_VTVSP1200_NIBRS",69837112,0
2019,8149573,26057,1,2019,"I",,"Y","G","C","2019_01_VTVSP1600_NIBRS",58694335,0
2019,8157235,26057,2,2019,"I",,"Y","G","C","2019_02_VTVSP1600_NIBRS",58694308,0
2019,8164897,26057,3,2019,"I",,"Y","G","C","2019_03_VTVSP1600_NIBRS",71653503,0
2019,8172559,26057,4,2019,"I",,"Y","G","C","2019_04_VTVSP1600_NIBRS",69837190,0
2019,8180221,26057,5,2019,"I",,"Y","G","C","2019_05_VTVSP1600_NIBRS",69832081,0
2019,8187883,26057,6,2019,"I",,"Y","G","C","2019_06_VTVSP1600_NIBRS",67212522,0
2019,8195545,26057,7,2019,"I",,"Y","G","C","2019_07_VTVSP1600_NIBRS",67205880,0
2019,8203207,26057,8,2019,"I",,"Y","G","C","2019_08_VTVSP1600_NIBRS",60987393,0
2019,8210869,26057,9,2019,"I",,"Y","G","C","2019_09_VTVSP1600_NIBRS",71653512,0
2019,8218531,26057,10,2019,"I",,"Y","G","C","2019_10_VTVSP1600_NIBRS",67211567,0
2019,8226193,26057,11,2019,"I",,"Y","G","C","2019_11_VTVSP1600_NIBRS",69837206,0
2019,8233855,26057,12,2019,"I",,"Y","G","C","2019_12_VTVSP1600_NIBRS",71653520,0
2019,8148523,20536,1,2019,"I",,"Y","G","C","2019_01_VT0090000_NIBRS",64128857,0
2019,8156185,20536,2,2019,"I",,"Y","G","C","2019_02_VT0090000_NIBRS",64128866,0
2019,8163847,20536,3,2019,"I",,"Y","G","C","2019_03_VT0090000_NIBRS",49607297,0
2019,8171509,20536,4,2019,"I",,"Y","G","C","2019_04_VT0090000_NIBRS",64133340,0
2019,8179171,20536,5,2019,"I",,"Y","G","C","2019_05_VT0090000_NIBRS",69833663,0
2019,8186833,20536,6,2019,"I",,"Y","G","C","2019_06_VT0090000_NIBRS",71657051,0
2019,8194495,20536,7,2019,"I",,"Y","G","C","2019_07_VT0090000_NIBRS",71657058,0
2019,8202157,20536,8,2019,"I",,"Y","G","C","2019_08_VT0090000_NIBRS",69833669,0
2019,8209819,20536,9,2019,"I",,"Y","G","C","2019_09_VT0090000_NIBRS",69839557,0
2019,8217481,20536,10,2019,"I",,"Y","G","C","2019_10_VT0090000_NIBRS",71657067,0
2019,8225143,20536,11,2019,"I",,"Y","G","C","2019_11_VT0090000_NIBRS",69827979,0
2019,8232805,20536,12,2019,"I",,"Y","G","C","2019_12_VT0090000_NIBRS",71657079,0
2019,8148567,20586,1,2019,"I",,"Y","G","C","2019_01_VTVSP0800_NIBRS",67211438,0
2019,8156229,20586,2,2019,"I",,"Y","G","C","2019_02_VTVSP0800_NIBRS",71653396,0
2019,8163891,20586,3,2019,"I",,"Y","G","C","2019_03_VTVSP0800_NIBRS",64075292,0
2019,8171553,20586,4,2019,"I",,"Y","G","C","2019_04_VTVSP0800_NIBRS",62508013,0
2019,8179215,20586,5,2019,"I",,"Y","G","C","2019_05_VTVSP0800_NIBRS",64088944,0
2019,8186877,20586,6,2019,"I",,"Y","G","C","2019_06_VTVSP0800_NIBRS",71657562,0
2019,8194539,20586,7,2019,"I",,"Y","G","C","2019_07_VTVSP0800_NIBRS",71657563,0
2019,8202201,20586,8,2019,"I",,"Y","G","C","2019_08_VTVSP0800_NIBRS",71653366,0
2019,8209863,20586,9,2019,"I",,"Y","G","C","2019_09_VTVSP0800_NIBRS",71653387,0
2019,8217525,20586,10,2019,"I",,"Y","G","C","2019_10_VTVSP0800_NIBRS",71653380,0
2019,8225187,20586,11,2019,"I",,"Y","G","C","2019_11_VTVSP0800_NIBRS",71657548,0
2019,8232849,20586,12,2019,"I",,"Y","G","C","2019_12_VTVSP0800_NIBRS",71657590,0
2019,8148568,20587,1,2019,"I",,"Y","G","C","2019_01_VTVSP0900_NIBRS",64089006,0
2019,8156230,20587,2,2019,"I",,"Y","G","C","2019_02_VTVSP0900_NIBRS",48084557,0
2019,8163892,20587,3,2019,"I",,"Y","G","C","2019_03_VTVSP0900_NIBRS",62514104,0
2019,8171554,20587,4,2019,"I",,"Y","G","C","2019_04_VTVSP0900_NIBRS",49612009,0
2019,8179216,20587,5,2019,"I",,"Y","G","C","2019_05_VTVSP0900_NIBRS",60987325,0
2019,8148536,20552,1,2019,"I",,"Y","G","C","2019_01_VT0120100_NIBRS",67206086,0
2019,8156198,20552,2,2019,"I",,"Y","G","C","2019_02_VT0120100_NIBRS",67216913,0
2019,8148502,20513,1,2019,"I",,"Y","G","C","2019_01_VT0040100_NIBRS",71652876,0
2019,8156164,20513,2,2019,"I",,"Y","G","C","2019_02_VT0040100_NIBRS",71652890,0
2019,8163826,20513,3,2019,"I",,"Y","G","C","2019_03_VT0040100_NIBRS",71657157,0
2019,8171488,20513,4,2019,"I",,"Y","G","C","2019_04_VT0040100_NIBRS",71652945,0
2019,8179150,20513,5,2019,"I",,"Y","G","C","2019_05_VT0040100_NIBRS",71657191,0
2019,8186812,20513,6,2019,"I",,"Y","G","C","2019_06_VT0040100_NIBRS",69837803,0
2019,8194474,20513,7,2019,"I",,"Y","G","C","2019_07_VT0040100_NIBRS",69832632,0
2019,8202136,20513,8,2019,"I",,"Y","G","C","2019_08_VT0040100_NIBRS",71652965,0
2019,8209798,20513,9,2019,"I",,"Y","G","C","2019_09_VT0040100_NIBRS",71652977,0
2019,8217460,20513,10,2019,"I",,"Y","G","C","2019_10_VT0040100_NIBRS",71652988,0
2019,8225122,20513,11,2019,"I",,"Y","G","C","2019_11_VT0040100_NIBRS",71653000,0
2019,8232784,20513,12,2019,"I",,"Y","G","C","2019_12_VT0040100_NIBRS",71653005,0
2019,8148503,20514,1,2019,"I",,"Y","G","C","2019_01_VT0040200_NIBRS",50638292,0
2019,8156165,20514,2,2019,"I",,"Y","G","C","2019_02_VT0040200_NIBRS",60984683,0
2019,8163827,20514,3,2019,"I",,"Y","G","C","2019_03_VT0040200_NIBRS",60970701,0
2019,8148563,20581,1,2019,"I",,"Y","G","C","2019_01_VTVSP0300_NIBRS",64075294,0
2019,8156225,20581,2,2019,"I",,"Y","G","C","2019_02_VTVSP0300_NIBRS",64088977,0
2019,8163887,20581,3,2019,"I",,"Y","G","C","2019_03_VTVSP0300_NIBRS",69837100,0
2019,8171549,20581,4,2019,"I",,"Y","G","C","2019_04_VTVSP0300_NIBRS",56544053,0
2019,8179211,20581,5,2019,"I",,"Y","G","C","2019_05_VTVSP0300_NIBRS",58693956,0
2019,8148565,20584,1,2019,"I",,"Y","G","C","2019_01_VTVSP0600_NIBRS",64088884,0
2019,8156227,20584,2,2019,"I",,"Y","G","C","2019_02_VTVSP0600_NIBRS",49611842,0
2019,8163889,20584,3,2019,"I",,"Y","G","C","2019_03_VTVSP0600_NIBRS",48091132,0
2019,8171551,20584,4,2019,"I",,"Y","G","C","2019_04_VTVSP0600_NIBRS",58680711,0
2019,8179213,20584,5,2019,"I",,"Y","G","C","2019_05_VTVSP0600_NIBRS",50644009,0
2019,8186875,20584,6,2019,"I",,"Y","G","C","2019_06_VTVSP0600_NIBRS",60984185,0
2019,8194537,20584,7,2019,"I",,"Y","G","C","2019_07_VTVSP0600_NIBRS",64075253,0
2019,8202199,20584,8,2019,"I",,"Y","G","C","2019_08_VTVSP0600_NIBRS",71657420,0
2019,8209861,20584,9,2019,"I",,"Y","G","C","2019_09_VTVSP0600_NIBRS",71653245,0
2019,8217523,20584,10,2019,"I",,"Y","G","C","2019_10_VTVSP0600_NIBRS",71653247,0
2019,8225185,20584,11,2019,"I",,"Y","G","C","2019_11_VTVSP0600_NIBRS",71653253,0
2019,8232847,20584,12,2019,"I",,"Y","G","C","2019_12_VTVSP0600_NIBRS",71653256,0
2019,8148566,20585,1,2019,"I",,"Y","G","C","2019_01_VTVSP0700_NIBRS",56547793,0
2019,8156228,20585,2,2019,"I",,"Y","G","C","2019_02_VTVSP0700_NIBRS",50644040,0
2019,8163890,20585,3,2019,"I",,"Y","G","C","2019_03_VTVSP0700_NIBRS",56547788,0
2019,8171552,20585,4,2019,"I",,"Y","G","C","2019_04_VTVSP0700_NIBRS",48744230,0
2019,8179214,20585,5,2019,"I",,"Y","G","C","2019_05_VTVSP0700_NIBRS",69836968,0
2019,8186876,20585,6,2019,"I",,"Y","G","C","2019_06_VTVSP0700_NIBRS",60984256,0
2019,8194538,20585,7,2019,"I",,"Y","G","C","2019_07_VTVSP0700_NIBRS",64088888,0
2019,8202200,20585,8,2019,"I",,"Y","G","C","2019_08_VTVSP0700_NIBRS",67205741,0
2019,8209862,20585,9,2019,"I",,"Y","G","C","2019_09_VTVSP0700_NIBRS",64075263,0
2019,8217524,20585,10,2019,"I",,"Y","G","C","2019_10_VTVSP0700_NIBRS",67211333,0
2019,8225186,20585,11,2019,"I",,"Y","G","C","2019_11_VTVSP0700_NIBRS",69837001,0
2019,8232848,20585,12,2019,"I",,"Y","G","C","2019_12_VTVSP0700_NIBRS",67205751,0
2019,8148531,20544,1,2019,"I",,"Y","G","C","2019_01_VT0110200_NIBRS",67211019,0
2019,8148569,20589,1,2019,"I",,"Y","G","C","2019_01_VTVSP1100_NIBRS",48740509,0
2019,8156231,20589,2,2019,"I",,"Y","G","C","2019_02_VTVSP1100_NIBRS",47756580,0
2019,8148550,20568,1,2019,"I",,"Y","G","C","2019_01_VT0140300_NIBRS",50632369,0
2019,8156212,20568,2,2019,"I",,"Y","G","C","2019_02_VT0140300_NIBRS",50632383,0
2019,8163874,20568,3,2019,"I",,"Y","G","C","2019_03_VT0140300_NIBRS",56548193,0
2019,8171536,20568,4,2019,"I",,"Y","G","C","2019_04_VT0140300_NIBRS",67212545,0
2019,8179198,20568,5,2019,"I",,"Y","G","C","2019_05_VT0140300_NIBRS",64075579,0
2019,8186860,20568,6,2019,"I",,"Y","G","C","2019_06_VT0140300_NIBRS",71657352,0
2019,8148549,20567,1,2019,"I",,"Y","G","C","2019_01_VT0140200_NIBRS",62481146,0
2019,8156211,20567,2,2019,"I",,"Y","G","C","2019_02_VT0140200_NIBRS",62481150,0
2019,8163873,20567,3,2019,"I",,"Y","G","C","2019_03_VT0140200_NIBRS",71652750,0
2019,8171535,20567,4,2019,"I",,"Y","G","C","2019_04_VT0140200_NIBRS",64129125,0
2019,8179197,20567,5,2019,"I",,"Y","G","C","2019_05_VT0140200_NIBRS",71652754,0
2019,8186859,20567,6,2019,"I",,"Y","G","C","2019_06_VT0140200_NIBRS",69839544,0
2019,8194521,20567,7,2019,"I",,"Y","G","C","2019_07_VT0140200_NIBRS",69833662,0
2019,8202183,20567,8,2019,"I",,"Y","G","C","2019_08_VT0140200_NIBRS",69827969,0
2019,8209845,20567,9,2019,"I",,"Y","G","C","2019_09_VT0140200_NIBRS",71652763,0
2019,8217507,20567,10,2019,"I",,"Y","G","C","2019_10_VT0140200_NIBRS",69827980,0
2019,8225169,20567,11,2019,"I",,"Y","G","C","2019_11_VT0140200_NIBRS",71652772,0
2019,8232831,20567,12,2019,"I",,"Y","G","C","2019_12_VT0140200_NIBRS",71652787,0
2019,8148537,20553,1,2019,"I",,"Y","G","C","2019_01_VT0120200_NIBRS",67212676,0
2019,8156199,20553,2,2019,"I",,"Y","G","C","2019_02_VT0120200_NIBRS",69827677,0
2019,8163861,20553,3,2019,"I",,"Y","G","C","2019_03_VT0120200_NIBRS",69827680,0
2019,8171523,20553,4,2019,"I",,"Y","G","C","2019_04_VT0120200_NIBRS",62508600,0
2019,8148562,20580,1,2019,"I",,"Y","G","C","2019_01_VTVSP0200_NIBRS",62508104,0
2019,8156224,20580,2,2019,"I",,"Y","G","C","2019_02_VTVSP0200_NIBRS",56547909,0
2019,8163886,20580,3,2019,"I",,"Y","G","C","2019_03_VTVSP0200_NIBRS",58694258,0
2019,8171548,20580,4,2019,"I",,"Y","G","C","2019_04_VTVSP0200_NIBRS",67212224,0
2019,8179210,20580,5,2019,"I",,"Y","G","C","2019_05_VTVSP0200_NIBRS",62514189,0
2019,8186872,20580,6,2019,"I",,"Y","G","C","2019_06_VTVSP0200_NIBRS",62514193,0
2019,8194534,20580,7,2019,"I",,"Y","G","C","2019_07_VTVSP0200_NIBRS",71657641,0
2019,8202196,20580,8,2019,"I",,"Y","G","C","2019_08_VTVSP0200_NIBRS",69832023,0
2019,8209858,20580,9,2019,"I",,"Y","G","C","2019_09_VTVSP0200_NIBRS",62514205,0
2019,8217520,20580,10,2019,"I",,"Y","G","C","2019_10_VTVSP0200_NIBRS",71657614,0
2019,8225182,20580,11,2019,"I",,"Y","G","C","2019_11_VTVSP0200_NIBRS",67211284,0
2019,8232844,20580,12,2019,"I",,"Y","G","C","2019_12_VTVSP0200_NIBRS",71653407,0
2019,8148506,20517,1,2019,"I",,"Y","G","C","2019_01_VT0040500_NIBRS",67212629,0
2019,8156168,20517,2,2019,"I",,"Y","G","C","2019_02_VT0040500_NIBRS",71656998,0
2019,8163830,20517,3,2019,"I",,"Y","G","C","2019_03_VT0040500_NIBRS",64128892,0
2019,8171492,20517,4,2019,"I",,"Y","G","C","2019_04_VT0040500_NIBRS",69837453,0
2019,8148508,20519,1,2019,"I",,"Y","G","C","2019_01_VT0040700_NIBRS",64088885,0
2019,8156170,20519,2,2019,"I",,"Y","G","C","2019_02_VT0040700_NIBRS",64075254,0
2019,8163832,20519,3,2019,"I",,"Y","G","C","2019_03_VT0040700_NIBRS",60970411,0
2019,8148505,20516,1,2019,"I",,"Y","G","C","2019_01_VT0040400_NIBRS",60960501,0
2019,8148561,20579,1,2019,"I",,"Y","G","C","2019_01_VTVSP0100_NIBRS",41503736,0
2019,8148494,20503,1,2019,"I",,"Y","G","C","2019_01_VT0020100_NIBRS",60984202,0
2019,8156156,20503,2,2019,"I",,"Y","G","C","2019_02_VT0020100_NIBRS",56539426,0
2019,8163818,20503,3,2019,"I",,"Y","G","C","2019_03_VT0020100_NIBRS",62507978,0
2019,8171480,20503,4,2019,"I",,"Y","G","C","2019_04_VT0020100_NIBRS",67205540,0
2019,8179142,20503,5,2019,"I",,"Y","G","C","2019_05_VT0020100_NIBRS",71657463,0
2019,8186804,20503,6,2019,"I",,"Y","G","C","2019_06_VT0020100_NIBRS",71657471,0
2019,8194466,20503,7,2019,"I",,"Y","G","C","2019_07_VT0020100_NIBRS",67205555,0
2019,8148507,20518,1,2019,"I",,"Y","G","C","2019_01_VT0040600_NIBRS",64132729,0
2019,8156169,20518,2,2019,"I",,"Y","G","C","2019_02_VT0040600_NIBRS",49596039,0
2019,8163831,20518,3,2019,"I",,"Y","G","C","2019_03_VT0040600_NIBRS",64132733,0
2019,8171493,20518,4,2019,"I",,"Y","G","C","2019_04_VT0040600_NIBRS",69826953,0
2019,8179155,20518,5,2019,"I",,"Y","G","C","2019_05_VT0040600_NIBRS",71652566,0
2019,8186817,20518,6,2019,"I",,"Y","G","C","2019_06_VT0040600_NIBRS",64132750,0
2019,8194479,20518,7,2019,"I",,"Y","G","C","2019_07_VT0040600_NIBRS",69832447,0
2019,8202141,20518,8,2019,"I",,"Y","G","C","2019_08_VT0040600_NIBRS",69826958,0
2019,8209803,20518,9,2019,"I",,"Y","G","C","2019_09_VT0040600_NIBRS",69837569,0
2019,8217465,20518,10,2019,"I",,"Y","G","C","2019_10_VT0040600_NIBRS",69837577,0
2019,8225127,20518,11,2019,"I",,"Y","G","C","2019_11_VT0040600_NIBRS",69837572,0
2019,8232789,20518,12,2019,"I",,"Y","G","C","2019_12_VT0040600_NIBRS",69837588,0
2019,8148517,20528,1,2019,"I",,"Y","G","C","2019_01_VT0060100_NIBRS",71652766,0
2019,8156179,20528,2,2019,"I",,"Y","G","C","2019_02_VT0060100_NIBRS",71657045,0
2019,8163841,20528,3,2019,"I",,"Y","G","C","2019_03_VT0060100_NIBRS",71652776,0
2019,8148491,20500,1,2019,"I",,"Y","G","C","2019_01_VT0010200_NIBRS",56540057,0
2019,8156153,20500,2,2019,"I",,"Y","G","C","2019_02_VT0010200_NIBRS",67216909,0
2019,8163815,20500,3,2019,"I",,"Y","G","C","2019_03_VT0010200_NIBRS",56540061,0
2019,8171477,20500,4,2019,"I",,"Y","G","C","2019_04_VT0010200_NIBRS",56548556,0
2019,8179139,20500,5,2019,"I",,"Y","G","C","2019_05_VT0010200_NIBRS",69832478,0
2019,8186801,20500,6,2019,"I",,"Y","G","C","2019_06_VT0010200_NIBRS",62514699,0
2019,8148539,20556,1,2019,"I",,"Y","G","C","2019_01_VT0120500_NIBRS",67212658,0
2019,8156201,20556,2,2019,"I",,"Y","G","C","2019_02_VT0120500_NIBRS",67212659,0
2019,8163863,20556,3,2019,"I",,"Y","G","C","2019_03_VT0120500_NIBRS",69832470,0
2019,8148500,20511,1,2019,"I",,"Y","G","C","2019_01_VT0030300_NIBRS",64133588,0
2019,8148510,20521,1,2019,"I",,"Y","G","C","2019_01_VT0041000_NIBRS",62514320,0
2019,8148518,20530,1,2019,"I",,"Y","G","C","2019_01_VT0060300_NIBRS",58696755,0
2019,8156180,20530,2,2019,"I",,"Y","G","C","2019_02_VT0060300_NIBRS",58694385,0
2019,8163842,20530,3,2019,"I",,"Y","G","C","2019_03_VT0060300_NIBRS",58694389,0
2019,8171504,20530,4,2019,"I",,"Y","G","C","2019_04_VT0060300_NIBRS",58694400,0
2019,8179166,20530,5,2019,"I",,"Y","G","C","2019_05_VT0060300_NIBRS",58694405,0
2019,8186828,20530,6,2019,"I",,"Y","G","C","2019_06_VT0060300_NIBRS",58694414,0
2019,8194490,20530,7,2019,"I",,"Y","G","C","2019_07_VT0060300_NIBRS",67205565,0
2019,8148504,20515,1,2019,"I",,"Y","G","C","2019_01_VT0040300_NIBRS",71652682,0
2019,8156166,20515,2,2019,"I",,"Y","G","C","2019_02_VT0040300_NIBRS",71657000,0
2019,8163828,20515,3,2019,"I",,"Y","G","C","2019_03_VT0040300_NIBRS",69832489,0
2019,8171490,20515,4,2019,"I",,"Y","G","C","2019_04_VT0040300_NIBRS",71657007,0
2019,8179152,20515,5,2019,"I",,"Y","G","C","2019_05_VT0040300_NIBRS",69832516,0
2019,8186814,20515,6,2019,"I",,"Y","G","C","2019_06_VT0040300_NIBRS",71657015,0
2019,8194476,20515,7,2019,"I",,"Y","G","C","2019_07_VT0040300_NIBRS",71652726,0
2019,8202138,20515,8,2019,"I",,"Y","G","C","2019_08_VT0040300_NIBRS",69826993,0
2019,8209800,20515,9,2019,"I",,"Y","G","C","2019_09_VT0040300_NIBRS",71652734,0
2019,8217462,20515,10,2019,"I",,"Y","G","C","2019_10_VT0040300_NIBRS",69837662,0
2019,8225124,20515,11,2019,"I",,"Y","G","C","2019_11_VT0040300_NIBRS",71652736,0
2019,8232786,20515,12,2019,"I",,"Y","G","C","2019_12_VT0040300_NIBRS",71652740,0
2019,8148519,20532,1,2019,"I",,"Y","G","C","2019_01_VT0070000_NIBRS",41433461,0
2019,8156181,20532,2,2019,"I",,"Y","G","C","2019_02_VT0070000_NIBRS",41495037,0
2019,8163843,20532,3,2019,"I",,"Y","G","C","2019_03_VT0070000_NIBRS",56544057,0
2019,8171505,20532,4,2019,"I",,"Y","G","C","2019_04_VT0070000_NIBRS",50633301,0
2019,8179167,20532,5,2019,"I",,"Y","G","C","2019_05_VT0070000_NIBRS",50644050,0
2019,8186829,20532,6,2019,"I",,"Y","G","C","2019_06_VT0070000_NIBRS",56539411,0
2019,8194491,20532,7,2019,"I",,"Y","G","C","2019_07_VT0070000_NIBRS",64082408,0
2019,8202153,20532,8,2019,"I",,"Y","G","C","2019_08_VT0070000_NIBRS",67211897,0
2019,8209815,20532,9,2019,"I",,"Y","G","C","2019_09_VT0070000_NIBRS",58696677,0
2019,8217477,20532,10,2019,"I",,"Y","G","C","2019_10_VT0070000_NIBRS",64082405,0
2019,8225139,20532,11,2019,"I",,"Y","G","C","2019_11_VT0070000_NIBRS",62508008,0
2019,8232801,20532,12,2019,"I",,"Y","G","C","2019_12_VT0070000_NIBRS",67211903,0
2019,8186878,20587,6,2019,"I",,"Y","G","C","2019_06_VTVSP0900_NIBRS",60984426,0
2019,8194540,20587,7,2019,"I",,"Y","G","C","2019_07_VTVSP0900_NIBRS",67211464,0
2019,8148489,20498,1,2019,"I",,"Y","G","C","2019_01_VT0010000_NIBRS",41441701,0
2019,8156151,20498,2,2019,"I",,"Y","G","C","2019_02_VT0010000_NIBRS",56540617,0
2019,8163813,20498,3,2019,"U",,"Y","G","C","2019_03_VT0010000_NIBRS",,0
2019,8171475,20498,4,2019,"I",,"Y","G","C","2019_04_VT0010000_NIBRS",48046874,0
2019,8179137,20498,5,2019,"Z",,"Y","G","C","2019_05_VT0010000_NIBRS",48084497,0
2019,8186799,20498,6,2019,"U",,"Y","G","C","2019_06_VT0010000_NIBRS",,0
2019,8194461,20498,7,2019,"I",,"Y","G","C","2019_07_VT0010000_NIBRS",49611727,0
2019,8202123,20498,8,2019,"I",,"Y","G","C","2019_08_VT0010000_NIBRS",56540620,0
2019,8209785,20498,9,2019,"I",,"Y","G","C","2019_09_VT0010000_NIBRS",56540623,0
2019,8217447,20498,10,2019,"I",,"Y","G","C","2019_10_VT0010000_NIBRS",62509483,0
2019,8225109,20498,11,2019,"I",,"Y","G","C","2019_11_VT0010000_NIBRS",69839611,0
2019,8232771,20498,12,2019,"I",,"Y","G","C","2019_12_VT0010000_NIBRS",71657256,0
2019,8148493,20502,1,2019,"I",,"Y","G","C","2019_01_VT0020000_NIBRS",41437735,0
2019,8156155,20502,2,2019,"I",,"Y","G","C","2019_02_VT0020000_NIBRS",48046642,0
2019,8163817,20502,3,2019,"I",,"Y","G","C","2019_03_VT0020000_NIBRS",48046650,0
2019,8171479,20502,4,2019,"I",,"Y","G","C","2019_04_VT0020000_NIBRS",58692368,0
2019,8179141,20502,5,2019,"I",,"Y","G","C","2019_05_VT0020000_NIBRS",50637378,0
2019,8186803,20502,6,2019,"I",,"Y","G","C","2019_06_VT0020000_NIBRS",50637383,0
2019,8194465,20502,7,2019,"I",,"Y","G","C","2019_07_VT0020000_NIBRS",71652912,0
2019,8202127,20502,8,2019,"I",,"Y","G","C","2019_08_VT0020000_NIBRS",58680465,0
2019,8209789,20502,9,2019,"I",,"Y","G","C","2019_09_VT0020000_NIBRS",71652935,0
2019,8217451,20502,10,2019,"I",,"Y","G","C","2019_10_VT0020000_NIBRS",71652929,0
2019,8225113,20502,11,2019,"I",,"Y","G","C","2019_11_VT0020000_NIBRS",64132860,0
2019,8232775,20502,12,2019,"I",,"Y","G","C","2019_12_VT0020000_NIBRS",69837887,0
2019,8148497,20508,1,2019,"I",,"Y","G","C","2019_01_VT0030000_NIBRS",41431490,0
2019,8156159,20508,2,2019,"I",,"Y","G","C","2019_02_VT0030000_NIBRS",50643780,0
2019,8163821,20508,3,2019,"I",,"Y","G","C","2019_03_VT0030000_NIBRS",48046799,0
2019,8171483,20508,4,2019,"I",,"Y","G","C","2019_04_VT0030000_NIBRS",48045039,0
2019,8179145,20508,5,2019,"I",,"Y","G","C","2019_05_VT0030000_NIBRS",50637456,0
2019,8186807,20508,6,2019,"I",,"Y","G","C","2019_06_VT0030000_NIBRS",50637457,0
2019,8194469,20508,7,2019,"Z",,"Y","G","C","2019_07_VT0030000_NIBRS",49607441,0
2019,8202131,20508,8,2019,"I",,"Y","G","C","2019_08_VT0030000_NIBRS",56548974,0
2019,8209793,20508,9,2019,"I",,"Y","G","C","2019_09_VT0030000_NIBRS",60967742,0
2019,8217455,20508,10,2019,"I",,"Y","G","C","2019_10_VT0030000_NIBRS",60961262,0
2019,8225117,20508,11,2019,"I",,"Y","G","C","2019_11_VT0030000_NIBRS",62515379,0
2019,8232779,20508,12,2019,"I",,"Y","G","C","2019_12_VT0030000_NIBRS",64129169,0
2019,8149415,23168,1,2019,"Z",,"Y","G","C","2019_01_VT0120800_NIBRS",41352068,0
2019,8157077,23168,2,2019,"Z",,"Y","G","C","2019_02_VT0120800_NIBRS",41433311,0
2019,8164739,23168,3,2019,"Z",,"Y","G","C","2019_03_VT0120800_NIBRS",41494319,0
2019,8172401,23168,4,2019,"U",,"Y","G","C","2019_04_VT0120800_NIBRS",,0
2019,8180063,23168,5,2019,"Z",,"Y","G","C","2019_05_VT0120800_NIBRS",48075427,0
2019,8187725,23168,6,2019,"Z",,"Y","G","C","2019_06_VT0120800_NIBRS",48756121,0
2019,8195387,23168,7,2019,"Z",,"Y","G","C","2019_07_VT0120800_NIBRS",49605642,0
2019,8203049,23168,8,2019,"I",,"Y","G","C","2019_08_VT0120800_NIBRS",56549140,0
2019,8210711,23168,9,2019,"U",,"Y","G","C","2019_09_VT0120800_NIBRS",,0
2019,8218373,23168,10,2019,"Z",,"Y","G","C","2019_10_VT0120800_NIBRS",58693709,0
2019,8226035,23168,11,2019,"I",,"Y","G","C","2019_11_VT0120800_NIBRS",60961283,0
2019,8233697,23168,12,2019,"Z",,"Y","G","C","2019_12_VT0120800_NIBRS",62481370,0
2019,8149437,23252,1,2019,"I",,"Y","G","C","2019_01_VT0111000_NIBRS",62481269,0
2019,8157099,23252,2,2019,"I",,"Y","G","C","2019_02_VT0111000_NIBRS",41441731,0
2019,8164761,23252,3,2019,"I",,"Y","G","C","2019_03_VT0111000_NIBRS",48046566,0
2019,8172423,23252,4,2019,"I",,"Y","G","C","2019_04_VT0111000_NIBRS",62481272,0
2019,8180085,23252,5,2019,"Z",,"Y","G","C","2019_05_VT0111000_NIBRS",48084452,0
2019,8187747,23252,6,2019,"I",,"Y","G","C","2019_06_VT0111000_NIBRS",62515133,0
2019,8195409,23252,7,2019,"I",,"Y","G","C","2019_07_VT0111000_NIBRS",50632750,0
2019,8203071,23252,8,2019,"I",,"Y","G","C","2019_08_VT0111000_NIBRS",69827315,0
2019,8210733,23252,9,2019,"I",,"Y","G","C","2019_09_VT0111000_NIBRS",71652871,0
2019,8218395,23252,10,2019,"I",,"Y","G","C","2019_10_VT0111000_NIBRS",69838387,0
2019,8226057,23252,11,2019,"Z",,"Y","G","C","2019_11_VT0111000_NIBRS",60965462,0
2019,8233719,23252,12,2019,"I",,"Y","G","C","2019_12_VT0111000_NIBRS",62515161,0
2019,8148490,20499,1,2019,"I",,"Y","G","C","2019_01_VT0010100_NIBRS",41503639,0
2019,8156152,20499,2,2019,"I",,"Y","G","C","2019_02_VT0010100_NIBRS",49606122,0
2019,8163814,20499,3,2019,"I",,"Y","G","C","2019_03_VT0010100_NIBRS",47766414,0
2019,8148557,20575,1,2019,"I",,"Y","G","C","2019_01_VTDFW0000_NIBRS",41438260,0
2019,8156219,20575,2,2019,"I",,"Y","G","C","2019_02_VTDFW0000_NIBRS",47756796,0
2019,8163881,20575,3,2019,"I",,"Y","G","C","2019_03_VTDFW0000_NIBRS",50644032,0
2019,8171543,20575,4,2019,"I",,"Y","G","C","2019_04_VTDFW0000_NIBRS",50633283,0
2019,8179205,20575,5,2019,"I",,"Y","G","C","2019_05_VTDFW0000_NIBRS",56539414,0
2019,8186867,20575,6,2019,"I",,"Y","G","C","2019_06_VTDFW0000_NIBRS",50633275,0
2019,8194529,20575,7,2019,"I",,"Y","G","C","2019_07_VTDFW0000_NIBRS",50644035,0
2019,8202191,20575,8,2019,"I",,"Y","G","C","2019_08_VTDFW0000_NIBRS",64075276,0
2019,8209853,20575,9,2019,"I",,"Y","G","C","2019_09_VTDFW0000_NIBRS",64075272,0
2019,8217515,20575,10,2019,"I",,"Y","G","C","2019_10_VTDFW0000_NIBRS",69837039,0
2019,8225177,20575,11,2019,"I",,"Y","G","C","2019_11_VTDFW0000_NIBRS",71653311,0
2019,8232839,20575,12,2019,"I",,"Y","G","C","2019_12_VTDFW0000_NIBRS",69837017,0
2019,8148558,20576,1,2019,"Z",,"Y","G","C","2019_01_VTDLC0000_NIBRS",41352071,0
2019,8156220,20576,2,2019,"I",,"Y","G","C","2019_02_VTDLC0000_NIBRS",41430738,0
2019,8163882,20576,3,2019,"Z",,"Y","G","C","2019_03_VTDLC0000_NIBRS",41501583,0
2019,8171544,20576,4,2019,"I",,"Y","G","C","2019_04_VTDLC0000_NIBRS",64124536,0
2019,8179206,20576,5,2019,"U",,"Y","G","C","2019_05_VTDLC0000_NIBRS",,0
2019,8186868,20576,6,2019,"Z",,"Y","G","C","2019_06_VTDLC0000_NIBRS",48752358,0
2019,8194530,20576,7,2019,"Z",,"Y","G","C","2019_07_VTDLC0000_NIBRS",49611742,0
2019,8202192,20576,8,2019,"Z",,"Y","G","C","2019_08_VTDLC0000_NIBRS",50633143,0
2019,8209854,20576,9,2019,"I",,"Y","G","C","2019_09_VTDLC0000_NIBRS",64124540,0
2019,8217516,20576,10,2019,"Z",,"Y","G","C","2019_10_VTDLC0000_NIBRS",58693679,0
2019,8225178,20576,11,2019,"I",,"Y","G","C","2019_11_VTDLC0000_NIBRS",64129050,0
2019,8232840,20576,12,2019,"I",,"Y","G","C","2019_12_VTDLC0000_NIBRS",62481356,0
2019,8148547,20565,1,2019,"I",,"Y","G","C","2019_01_VT0140000_NIBRS",41439185,0
2019,8156209,20565,2,2019,"I",,"Y","G","C","2019_02_VT0140000_NIBRS",41508375,0
2019,8163871,20565,3,2019,"I",,"Y","G","C","2019_03_VT0140000_NIBRS",47757458,0
2019,8171533,20565,4,2019,"I",,"Y","G","C","2019_04_VT0140000_NIBRS",48740997,0
2019,8179195,20565,5,2019,"I",,"Y","G","C","2019_05_VT0140000_NIBRS",48741002,0
2019,8186857,20565,6,2019,"I",,"Y","G","C","2019_06_VT0140000_NIBRS",48744802,0
2019,8194519,20565,7,2019,"I",,"Y","G","C","2019_07_VT0140000_NIBRS",50638314,0
2019,8202181,20565,8,2019,"I",,"Y","G","C","2019_08_VT0140000_NIBRS",56544524,0
2019,8209843,20565,9,2019,"I",,"Y","G","C","2019_09_VT0140000_NIBRS",58694811,0
2019,8217505,20565,10,2019,"I",,"Y","G","C","2019_10_VT0140000_NIBRS",64075559,0
2019,8225167,20565,11,2019,"I",,"Y","G","C","2019_11_VT0140000_NIBRS",60984729,0
2019,8232829,20565,12,2019,"Z",,"Y","G","C","2019_12_VT0140000_NIBRS",62480965,0
2019,8148535,20551,1,2019,"I",,"Y","G","C","2019_01_VT0120000_NIBRS",48046824,0
2019,8156197,20551,2,2019,"I",,"Y","G","C","2019_02_VT0120000_NIBRS",49607413,0
2019,8163859,20551,3,2019,"I",,"Y","G","C","2019_03_VT0120000_NIBRS",71656947,0
2019,8171521,20551,4,2019,"I",,"Y","G","C","2019_04_VT0120000_NIBRS",50637512,0
2019,8179183,20551,5,2019,"I",,"Y","G","C","2019_05_VT0120000_NIBRS",50632986,0
2019,8186845,20551,6,2019,"I",,"Y","G","C","2019_06_VT0120000_NIBRS",50632988,0
2019,8194507,20551,7,2019,"I",,"Y","G","C","2019_07_VT0120000_NIBRS",71652567,0
2019,8202169,20551,8,2019,"I",,"Y","G","C","2019_08_VT0120000_NIBRS",71652572,0
2019,8209831,20551,9,2019,"I",,"Y","G","C","2019_09_VT0120000_NIBRS",71652575,0
2019,8217493,20551,10,2019,"I",,"Y","G","C","2019_10_VT0120000_NIBRS",69833630,0
2019,8225155,20551,11,2019,"I",,"Y","G","C","2019_11_VT0120000_NIBRS",71652580,0
2019,8232817,20551,12,2019,"I",,"Y","G","C","2019_12_VT0120000_NIBRS",69827948,0
2019,8148564,20583,1,2019,"I",,"Y","G","C","2019_01_VTVSP0500_NIBRS",64075564,0
2019,8156226,20583,2,2019,"I",,"Y","G","C","2019_02_VTVSP0500_NIBRS",67205702,0
2019,8163888,20583,3,2019,"I",,"Y","G","C","2019_03_VTVSP0500_NIBRS",64089308,0
2019,8171550,20583,4,2019,"I",,"Y","G","C","2019_04_VTVSP0500_NIBRS",60984744,0
2019,8179212,20583,5,2019,"I",,"Y","G","C","2019_05_VTVSP0500_NIBRS",60970781,0
2019,8186874,20583,6,2019,"I",,"Y","G","C","2019_06_VTVSP0500_NIBRS",69837432,0
2019,8194536,20583,7,2019,"I",,"Y","G","C","2019_07_VTVSP0500_NIBRS",67205705,0
2019,8202198,20583,8,2019,"I",,"Y","G","C","2019_08_VTVSP0500_NIBRS",64089318,0
2019,8209860,20583,9,2019,"I",,"Y","G","C","2019_09_VTVSP0500_NIBRS",64082612,0
2019,8217522,20583,10,2019,"I",,"Y","G","C","2019_10_VTVSP0500_NIBRS",71653619,0
2019,8225184,20583,11,2019,"I",,"Y","G","C","2019_11_VTVSP0500_NIBRS",71653621,0
2019,8232846,20583,12,2019,"I",,"Y","G","C","2019_12_VTVSP0500_NIBRS",71653624,0
2019,8148530,20543,1,2019,"I",,"Y","G","C","2019_01_VT0110100_NIBRS",49601139,0
2019,8156192,20543,2,2019,"I",,"Y","G","C","2019_02_VT0110100_NIBRS",50637111,0
2019,8163854,20543,3,2019,"I",,"Y","G","C","2019_03_VT0110100_NIBRS",49604274,0
2019,8171516,20543,4,2019,"I",,"Y","G","C","2019_04_VT0110100_NIBRS",49601156,0
2019,8179178,20543,5,2019,"I",,"Y","G","C","2019_05_VT0110100_NIBRS",56548599,0
2019,8186840,20543,6,2019,"I",,"Y","G","C","2019_06_VT0110100_NIBRS",50643431,0
2019,8194502,20543,7,2019,"I",,"Y","G","C","2019_07_VT0110100_NIBRS",64132739,0
2019,8202164,20543,8,2019,"I",,"Y","G","C","2019_08_VT0110100_NIBRS",69837696,0
2019,8209826,20543,9,2019,"I",,"Y","G","C","2019_09_VT0110100_NIBRS",71652557,0
2019,8217488,20543,10,2019,"I",,"Y","G","C","2019_10_VT0110100_NIBRS",69837701,0
2019,8225150,20543,11,2019,"I",,"Y","G","C","2019_11_VT0110100_NIBRS",62481176,0
2019,8232812,20543,12,2019,"I",,"Y","G","C","2019_12_VT0110100_NIBRS",69837706,0
2019,8148538,20554,1,2019,"I",,"Y","G","C","2019_01_VT0120300_NIBRS",64089125,0
2019,8156200,20554,2,2019,"I",,"Y","G","C","2019_02_VT0120300_NIBRS",47762076,0
2019,8163862,20554,3,2019,"I",,"Y","G","C","2019_03_VT0120300_NIBRS",47762108,0
2019,8171524,20554,4,2019,"I",,"Y","G","C","2019_04_VT0120300_NIBRS",48740683,0
2019,8179186,20554,5,2019,"I",,"Y","G","C","2019_05_VT0120300_NIBRS",56548013,0
2019,8186848,20554,6,2019,"I",,"Y","G","C","2019_06_VT0120300_NIBRS",56548002,0
2019,8194510,20554,7,2019,"I",,"Y","G","C","2019_07_VT0120300_NIBRS",67211072,0
2019,8202172,20554,8,2019,"I",,"Y","G","C","2019_08_VT0120300_NIBRS",67211098,0
2019,8209834,20554,9,2019,"I",,"Y","G","C","2019_09_VT0120300_NIBRS",67211075,0
2019,8217496,20554,10,2019,"I",,"Y","G","C","2019_10_VT0120300_NIBRS",67212042,0
2019,8225158,20554,11,2019,"I",,"Y","G","C","2019_11_VT0120300_NIBRS",69837273,0
2019,8232820,20554,12,2019,"I",,"Y","G","C","2019_12_VT0120300_NIBRS",67212051,0
2019,8148553,20571,1,2019,"I",,"Y","G","C","2019_01_VT0140600_NIBRS",50633271,0
2019,8156215,20571,2,2019,"I",,"Y","G","C","2019_02_VT0140600_NIBRS",41438212,0
2019,8163877,20571,3,2019,"I",,"Y","G","C","2019_03_VT0140600_NIBRS",48075454,0
2019,8171539,20571,4,2019,"I",,"Y","G","C","2019_04_VT0140600_NIBRS",50633278,0
2019,8179201,20571,5,2019,"I",,"Y","G","C","2019_05_VT0140600_NIBRS",60984167,0
2019,8186863,20571,6,2019,"I",,"Y","G","C","2019_06_VT0140600_NIBRS",50633274,0
2019,8194525,20571,7,2019,"I",,"Y","G","C","2019_07_VT0140600_NIBRS",50644019,0
2019,8202187,20571,8,2019,"I",,"Y","G","C","2019_08_VT0140600_NIBRS",69826833,0
2019,8209849,20571,9,2019,"I",,"Y","G","C","2019_09_VT0140600_NIBRS",71657461,0
2019,8217511,20571,10,2019,"I",,"Y","G","C","2019_10_VT0140600_NIBRS",62507968,0
2019,8225173,20571,11,2019,"I",,"Y","G","C","2019_11_VT0140600_NIBRS",67212123,0
2019,8232835,20571,12,2019,"I",,"Y","G","C","2019_12_VT0140600_NIBRS",67212120,0
2019,8148532,20545,1,2019,"I",,"Y","G","C","2019_01_VT0110300_NIBRS",50633623,0
2019,8156194,20545,2,2019,"I",,"Y","G","C","2019_02_VT0110300_NIBRS",50638179,0
2019,8163856,20545,3,2019,"I",,"Y","G","C","2019_03_VT0110300_NIBRS",50638182,0
2019,8171518,20545,4,2019,"I",,"Y","G","C","2019_04_VT0110300_NIBRS",50633628,0
2019,8148495,20505,1,2019,"I",,"Y","G","C","2019_01_VT0020400_NIBRS",48044719,0
2019,8156157,20505,2,2019,"I",,"Y","G","C","2019_02_VT0020400_NIBRS",50643664,0
2019,8163819,20505,3,2019,"I",,"Y","G","C","2019_03_VT0020400_NIBRS",50632765,0
2019,8171481,20505,4,2019,"I",,"Y","G","C","2019_04_VT0020400_NIBRS",50632767,0
2019,8179143,20505,5,2019,"I",,"Y","G","C","2019_05_VT0020400_NIBRS",60961182,0
2019,8186805,20505,6,2019,"I",,"Y","G","C","2019_06_VT0020400_NIBRS",56540281,0
2019,8194467,20505,7,2019,"I",,"Y","G","C","2019_07_VT0020400_NIBRS",64133012,0
2019,8202129,20505,8,2019,"I",,"Y","G","C","2019_08_VT0020400_NIBRS",56548815,0
2019,8209791,20505,9,2019,"I",,"Y","G","C","2019_09_VT0020400_NIBRS",64128593,0
2019,8217453,20505,10,2019,"I",,"Y","G","C","2019_10_VT0020400_NIBRS",64124378,0
2019,8225115,20505,11,2019,"I",,"Y","G","C","2019_11_VT0020400_NIBRS",64124382,0
2019,8232777,20505,12,2019,"I",,"Y","G","C","2019_12_VT0020400_NIBRS",64128615,0
2019,8148540,20557,1,2019,"I",,"Y","G","C","2019_01_VT0120600_NIBRS",64128514,0
2019,8156202,20557,2,2019,"I",,"Y","G","C","2019_02_VT0120600_NIBRS",69838175,0
2019,8163864,20557,3,2019,"I",,"Y","G","C","2019_03_VT0120600_NIBRS",69838183,0
2019,8171526,20557,4,2019,"I",,"Y","G","C","2019_04_VT0120600_NIBRS",62481266,0
2019,8179188,20557,5,2019,"I",,"Y","G","C","2019_05_VT0120600_NIBRS",64128520,0
2019,8148492,20501,1,2019,"I",,"Y","G","C","2019_01_VT0010300_NIBRS",71657438,0
2019,8148543,20560,1,2019,"I",,"Y","G","C","2019_01_VT0130100_NIBRS",71657158,0
2019,8156205,20560,2,2019,"I",,"Y","G","C","2019_02_VT0130100_NIBRS",71652926,0
2019,8163867,20560,3,2019,"I",,"Y","G","C","2019_03_VT0130100_NIBRS",64129016,0
2019,8171529,20560,4,2019,"I",,"Y","G","C","2019_04_VT0130100_NIBRS",62515134,0
2019,8148509,20520,1,2019,"I",,"Y","G","C","2019_01_VT0040800_NIBRS",41433341,0
2019,8156171,20520,2,2019,"I",,"Y","G","C","2019_02_VT0040800_NIBRS",41501005,0
2019,8163833,20520,3,2019,"I",,"Y","G","C","2019_03_VT0040800_NIBRS",48091118,0
2019,8171495,20520,4,2019,"I",,"Y","G","C","2019_04_VT0040800_NIBRS",48740431,0
2019,8179157,20520,5,2019,"I",,"Y","G","C","2019_05_VT0040800_NIBRS",48091126,0
2019,8186819,20520,6,2019,"I",,"Y","G","C","2019_06_VT0040800_NIBRS",48740435,0
2019,8194481,20520,7,2019,"I",,"Y","G","C","2019_07_VT0040800_NIBRS",56539372,0
2019,8202143,20520,8,2019,"I",,"Y","G","C","2019_08_VT0040800_NIBRS",60984158,0
2019,8209805,20520,9,2019,"I",,"Y","G","C","2019_09_VT0040800_NIBRS",60984162,0
2019,8217467,20520,10,2019,"I",,"Y","G","C","2019_10_VT0040800_NIBRS",60984165,0
2019,8225129,20520,11,2019,"I",,"Y","G","C","2019_11_VT0040800_NIBRS",67210937,0
2019,8232791,20520,12,2019,"I",,"Y","G","C","2019_12_VT0040800_NIBRS",67210933,0
2019,8148521,20534,1,2019,"I",,"Y","G","C","2019_01_VT0080100_NIBRS",56540415,0
2019,8156183,20534,2,2019,"I",,"Y","G","C","2019_02_VT0080100_NIBRS",48039334,0
2019,8163845,20534,3,2019,"I",,"Y","G","C","2019_03_VT0080100_NIBRS",64132674,0
2019,8171507,20534,4,2019,"I",,"Y","G","C","2019_04_VT0080100_NIBRS",58693006,0
2019,8148522,20535,1,2019,"I",,"Y","G","C","2019_01_VT0080200_NIBRS",69838687,0
2019,8156184,20535,2,2019,"I",,"Y","G","C","2019_02_VT0080200_NIBRS",49595484,0
2019,8163846,20535,3,2019,"I",,"Y","G","C","2019_03_VT0080200_NIBRS",71657222,0
2019,8171508,20535,4,2019,"I",,"Y","G","C","2019_04_VT0080200_NIBRS",64124533,0
2019,8179170,20535,5,2019,"I",,"Y","G","C","2019_05_VT0080200_NIBRS",62508575,0
2019,8148554,20572,1,2019,"I",,"Y","G","C","2019_01_VT0140800_NIBRS",41508372,0
2019,8156216,20572,2,2019,"I",,"Y","G","C","2019_02_VT0140800_NIBRS",41503842,0
2019,8163878,20572,3,2019,"Z",,"Y","G","C","2019_03_VT0140800_NIBRS",41503854,0
2019,8148533,20546,1,2019,"I",,"Y","G","C","2019_01_VT0110400_NIBRS",50637916,0
2019,8156195,20546,2,2019,"I",,"Y","G","C","2019_02_VT0110400_NIBRS",50633495,0
2019,8148524,20537,1,2019,"I",,"Y","G","C","2019_01_VT0090100_NIBRS",,0
2019,8156186,20537,2,2019,"I",,"Y","G","C","2019_02_VT0090100_NIBRS",,0
2019,8163848,20537,3,2019,"I",,"Y","G","C","2019_03_VT0090100_NIBRS",,0
2019,8171510,20537,4,2019,"U",,"Y","G","C","2019_04_VT0090100_NIBRS",,0
2019,8179172,20537,5,2019,"U",,"Y","G","C","2019_05_VT0090100_NIBRS",,0
2019,8186834,20537,6,2019,"U",,"Y","G","C","2019_06_VT0090100_NIBRS",,0
2019,8194496,20537,7,2019,"U",,"Y","G","C","2019_07_VT0090100_NIBRS",,0
2019,8202158,20537,8,2019,"U",,"Y","G","C","2019_08_VT0090100_NIBRS",,0
2019,8209820,20537,9,2019,"U",,"Y","G","C","2019_09_VT0090100_NIBRS",,0
2019,8217482,20537,10,2019,"U",,"Y","G","C","2019_10_VT0090100_NIBRS",,0
2019,8225144,20537,11,2019,"U",,"Y","G","C","2019_11_VT0090100_NIBRS",,0
2019,8232806,20537,12,2019,"U",,"Y","G","C","2019_12_VT0090100_NIBRS",,0
2019,8148513,20524,1,2019,"I",,"Y","G","C","2019_01_VT0050000_NIBRS",58680732,0
2019,8156175,20524,2,2019,"I",,"Y","G","C","2019_02_VT0050000_NIBRS",64075406,0
2019,8163837,20524,3,2019,"I",,"Y","G","C","2019_03_VT0050000_NIBRS",56539571,0
2019,8171499,20524,4,2019,"I",,"Y","G","C","2019_04_VT0050000_NIBRS",56539575,0
2019,8179161,20524,5,2019,"I",,"Y","G","C","2019_05_VT0050000_NIBRS",67205560,0
2019,8186823,20524,6,2019,"I",,"Y","G","C","2019_06_VT0050000_NIBRS",58696717,0
2019,8194485,20524,7,2019,"I",,"Y","G","C","2019_07_VT0050000_NIBRS",62514204,0
2019,8202147,20524,8,2019,"I",,"Y","G","C","2019_08_VT0050000_NIBRS",62514216,0
2019,8209809,20524,9,2019,"I",,"Y","G","C","2019_09_VT0050000_NIBRS",56544201,0
2019,8217471,20524,10,2019,"I",,"Y","G","C","2019_10_VT0050000_NIBRS",64089075,0
2019,8225133,20524,11,2019,"I",,"Y","G","C","2019_11_VT0050000_NIBRS",62514222,0
2019,8232795,20524,12,2019,"I",,"Y","G","C","2019_12_VT0050000_NIBRS",67205556,0
2019,8148534,20549,1,2019,"I",,"Y","G","C","2019_01_VT0110700_NIBRS",41434028,0
2019,8156196,20549,2,2019,"I",,"Y","G","C","2019_02_VT0110700_NIBRS",48075764,0
2019,8163858,20549,3,2019,"I",,"Y","G","C","2019_03_VT0110700_NIBRS",56544462,0
2019,8171520,20549,4,2019,"I",,"Y","G","C","2019_04_VT0110700_NIBRS",48740939,0
2019,8179182,20549,5,2019,"I",,"Y","G","C","2019_05_VT0110700_NIBRS",50633695,0
2019,8186844,20549,6,2019,"I",,"Y","G","C","2019_06_VT0110700_NIBRS",50633698,0
2019,8194506,20549,7,2019,"I",,"Y","G","C","2019_07_VT0110700_NIBRS",50638280,0
2019,8202168,20549,8,2019,"I",,"Y","G","C","2019_08_VT0110700_NIBRS",60970712,0
2019,8209830,20549,9,2019,"I",,"Y","G","C","2019_09_VT0110700_NIBRS",64075549,0
2019,8217492,20549,10,2019,"I",,"Y","G","C","2019_10_VT0110700_NIBRS",69837398,0
2019,8225154,20549,11,2019,"I",,"Y","G","C","2019_11_VT0110700_NIBRS",69837401,0
2019,8232816,20549,12,2019,"I",,"Y","G","C","2019_12_VT0110700_NIBRS",67212028,0
2019,8148525,20538,1,2019,"I",,"Y","G","C","2019_01_VT0090200_NIBRS",47756925,0
2019,8148515,20526,1,2019,"I",,"Y","G","C","2019_01_VT0050500_NIBRS",47766501,0
2019,8156177,20526,2,2019,"I",,"Y","G","C","2019_02_VT0050500_NIBRS",47757391,0
2019,8163839,20526,3,2019,"Z",,"Y","G","C","2019_03_VT0050500_NIBRS",41508209,0
2019,8171501,20526,4,2019,"I",,"Y","G","C","2019_04_VT0050500_NIBRS",48091453,0
2019,8179163,20526,5,2019,"Z",,"Y","G","C","2019_05_VT0050500_NIBRS",48091455,0
2019,8186825,20526,6,2019,"I",,"Y","G","C","2019_06_VT0050500_NIBRS",49612383,0
2019,8194487,20526,7,2019,"Z",,"Y","G","C","2019_07_VT0050500_NIBRS",49606247,0
2019,8149571,25998,1,2019,"Z",,"Y","G","C","2019_01_VT0090300_NIBRS",41442469,0
2019,8157233,25998,2,2019,"U",,"Y","G","C","2019_02_VT0090300_NIBRS",,0
2019,8164895,25998,3,2019,"Z",,"Y","G","C","2019_03_VT0090300_NIBRS",41508310,0
2019,8172557,25998,4,2019,"Z",,"Y","G","C","2019_04_VT0090300_NIBRS",47762305,0
2019,8180219,25998,5,2019,"Z",,"Y","G","C","2019_05_VT0090300_NIBRS",48075742,0
2019,8187881,25998,6,2019,"Z",,"Y","G","C","2019_06_VT0090300_NIBRS",48740841,0
2019,8195543,25998,7,2019,"Z",,"Y","G","C","2019_07_VT0090300_NIBRS",49606318,0
2019,8203205,25998,8,2019,"Z",,"Y","G","C","2019_08_VT0090300_NIBRS",50644533,0
2019,8210867,25998,9,2019,"Z",,"Y","G","C","2019_09_VT0090300_NIBRS",56544457,0
2019,8218529,25998,10,2019,"Z",,"Y","G","C","2019_10_VT0090300_NIBRS",58694691,0
2019,8226191,25998,11,2019,"Z",,"Y","G","C","2019_11_VT0090300_NIBRS",60984668,0
2019,8233853,25998,12,2019,"Z",,"Y","G","C","2019_12_VT0090300_NIBRS",62508374,0
2019,8148514,20525,1,2019,"Z",,"Y","G","C","2019_01_VT0050300_NIBRS",41335944,0
2019,8156176,20525,2,2019,"U",,"Y","G","C","2019_02_VT0050300_NIBRS",,0
2019,8163838,20525,3,2019,"Z",,"Y","G","C","2019_03_VT0050300_NIBRS",41494753,0
2019,8171500,20525,4,2019,"I",,"Y","G","C","2019_04_VT0050300_NIBRS",47761629,0
2019,8179162,20525,5,2019,"Z",,"Y","G","C","2019_05_VT0050300_NIBRS",48075428,0
2019,8186824,20525,6,2019,"I",,"Y","G","C","2019_06_VT0050300_NIBRS",48744044,0
2019,8194486,20525,7,2019,"I",,"Y","G","C","2019_07_VT0050300_NIBRS",49611807,0
2019,8202148,20525,8,2019,"Z",,"Y","G","C","2019_08_VT0050300_NIBRS",50633233,0
2019,8209810,20525,9,2019,"I",,"Y","G","C","2019_09_VT0050300_NIBRS",62513966,0
2019,8217472,20525,10,2019,"Z",,"Y","G","C","2019_10_VT0050300_NIBRS",58693827,0
2019,8225134,20525,11,2019,"Z",,"Y","G","C","2019_11_VT0050300_NIBRS",60984161,0
2019,8232796,20525,12,2019,"Z",,"Y","G","C","2019_12_VT0050300_NIBRS",62507914,0
2019,8149495,25412,1,2019,"I",,"Y","G","C","2019_01_VT0111100_NIBRS",41433303,0
2019,8157157,25412,2,2019,"I",,"Y","G","C","2019_02_VT0111100_NIBRS",41500948,0
2019,8164819,25412,3,2019,"I",,"Y","G","C","2019_03_VT0111100_NIBRS",48039294,0
2019,8172481,25412,4,2019,"I",,"Y","G","C","2019_04_VT0111100_NIBRS",48091001,0
2019,8180143,25412,5,2019,"I",,"Y","G","C","2019_05_VT0111100_NIBRS",49611705,0
2019,8187805,25412,6,2019,"I",,"Y","G","C","2019_06_VT0111100_NIBRS",49611707,0
2019,8195467,25412,7,2019,"Z",,"Y","G","C","2019_07_VT0111100_NIBRS",49607411,0
2019,8203129,25412,8,2019,"Z",,"Y","G","C","2019_08_VT0111100_NIBRS",50637616,0
2019,8210791,25412,9,2019,"Z",,"Y","G","C","2019_09_VT0111100_NIBRS",56545322,0
2019,8218453,25412,10,2019,"Z",,"Y","G","C","2019_10_VT0111100_NIBRS",58693672,0
2019,8226115,25412,11,2019,"I",,"Y","G","C","2019_11_VT0111100_NIBRS",60965457,0
2019,8233777,25412,12,2019,"Z",,"Y","G","C","2019_12_VT0111100_NIBRS",62509502,0
2019,8148560,20578,1,2019,"Z",,"Y","G","C","2019_01_VTVSP0000_NIBRS",41346787,0
2019,8156222,20578,2,2019,"Z",,"Y","G","C","2019_02_VTVSP0000_NIBRS",41434027,0
2019,8163884,20578,3,2019,"I",,"Y","G","C","2019_03_VTVSP0000_NIBRS",49606336,0
2019,8171546,20578,4,2019,"I",,"Y","G","C","2019_04_VTVSP0000_NIBRS",49606338,0
2019,8149554,25840,1,2019,"I",,"Y","G","C","2019_01_VT0041300_NIBRS",48039362,0
2019,8157216,25840,2,2019,"I",,"Y","G","C","2019_02_VT0041300_NIBRS",60967377,0
2019,8164878,25840,3,2019,"I",,"Y","G","C","2019_03_VT0041300_NIBRS",64132899,0
2019,8172540,25840,4,2019,"I",,"Y","G","C","2019_04_VT0041300_NIBRS",71657242,0
2019,8180202,25840,5,2019,"I",,"Y","G","C","2019_05_VT0041300_NIBRS",69839065,0
2019,8187864,25840,6,2019,"I",,"Y","G","C","2019_06_VT0041300_NIBRS",62481250,0
2019,8195526,25840,7,2019,"Z",,"Y","G","C","2019_07_VT0041300_NIBRS",49604966,0
2019,8203188,25840,8,2019,"I",,"Y","G","C","2019_08_VT0041300_NIBRS",69827613,0
2019,8210850,25840,9,2019,"I",,"Y","G","C","2019_09_VT0041300_NIBRS",69833331,0
2019,8218512,25840,10,2019,"I",,"Y","G","C","2019_10_VT0041300_NIBRS",69839076,0
2019,8226174,25840,11,2019,"I",,"Y","G","C","2019_11_VT0041300_NIBRS",69827625,0
2019,8233836,25840,12,2019,"I",,"Y","G","C","2019_12_VT0041300_NIBRS",64128509,0
2019,8148527,20540,1,2019,"I",,"Y","G","C","2019_01_VT0100000_NIBRS",41508271,0
2019,8156189,20540,2,2019,"I",,"Y","G","C","2019_02_VT0100000_NIBRS",50638197,0
2019,8163851,20540,3,2019,"I",,"Y","G","C","2019_03_VT0100000_NIBRS",64075508,0
2019,8171513,20540,4,2019,"I",,"Y","G","C","2019_04_VT0100000_NIBRS",67205593,0
2019,8179175,20540,5,2019,"I",,"Y","G","C","2019_05_VT0100000_NIBRS",71657810,0
2019,8148551,20569,1,2019,"I",,"Y","G","C","2019_01_VT0140400_NIBRS",48097284,0
2019,8156213,20569,2,2019,"I",,"Y","G","C","2019_02_VT0140400_NIBRS",48097283,0
2019,8163875,20569,3,2019,"I",,"Y","G","C","2019_03_VT0140400_NIBRS",47745511,0
2019,8156187,20538,2,2019,"I",,"Y","G","C","2019_02_VT0090200_NIBRS",41507767,0
2019,8163849,20538,3,2019,"I",,"Y","G","C","2019_03_VT0090200_NIBRS",47757007,0
2019,8171511,20538,4,2019,"I",,"Y","G","C","2019_04_VT0090200_NIBRS",48740678,0
2019,8179173,20538,5,2019,"I",,"Y","G","C","2019_05_VT0090200_NIBRS",48740686,0
2019,8186835,20538,6,2019,"I",,"Y","G","C","2019_06_VT0090200_NIBRS",64089076,0
2019,8194497,20538,7,2019,"I",,"Y","G","C","2019_07_VT0090200_NIBRS",50637796,0
2019,8202159,20538,8,2019,"I",,"Y","G","C","2019_08_VT0090200_NIBRS",62514257,0
2019,8209821,20538,9,2019,"I",,"Y","G","C","2019_09_VT0090200_NIBRS",58694233,0
2019,8217483,20538,10,2019,"I",,"Y","G","C","2019_10_VT0090200_NIBRS",62514253,0
2019,8225145,20538,11,2019,"Z",,"Y","G","C","2019_11_VT0090200_NIBRS",60970550,0
2019,8232807,20538,12,2019,"Z",,"Y","G","C","2019_12_VT0090200_NIBRS",62508175,0
2019,8148555,20573,1,2019,"I",,"Y","G","C","2019_01_VT0141000_NIBRS",47750556,0
2019,8156217,20573,2,2019,"I",,"Y","G","C","2019_02_VT0141000_NIBRS",47150903,0
2019,8163879,20573,3,2019,"I",,"Y","G","C","2019_03_VT0141000_NIBRS",58695382,0
2019,8171541,20573,4,2019,"I",,"Y","G","C","2019_04_VT0141000_NIBRS",48093815,0
2019,8179203,20573,5,2019,"I",,"Y","G","C","2019_05_VT0141000_NIBRS",56548192,0
2019,8148512,20523,1,2019,"I",,"Y","G","C","2019_01_VT0041200_NIBRS",41438095,0
2019,8156174,20523,2,2019,"I",,"Y","G","C","2019_02_VT0041200_NIBRS",48740429,0
2019,8163836,20523,3,2019,"I",,"Y","G","C","2019_03_VT0041200_NIBRS",47756703,0
2019,8171498,20523,4,2019,"I",,"Y","G","C","2019_04_VT0041200_NIBRS",47761632,0
2019,8179160,20523,5,2019,"I",,"Y","G","C","2019_05_VT0041200_NIBRS",48740443,0
2019,8186822,20523,6,2019,"I",,"Y","G","C","2019_06_VT0041200_NIBRS",49605701,0
2019,8194484,20523,7,2019,"I",,"Y","G","C","2019_07_VT0041200_NIBRS",56539370,0
2019,8202146,20523,8,2019,"I",,"Y","G","C","2019_08_VT0041200_NIBRS",58696666,0
2019,8209808,20523,9,2019,"I",,"Y","G","C","2019_09_VT0041200_NIBRS",62513964,0
2019,8217470,20523,10,2019,"I",,"Y","G","C","2019_10_VT0041200_NIBRS",62513970,0
2019,8225132,20523,11,2019,"I",,"Y","G","C","2019_11_VT0041200_NIBRS",67211886,0
2019,8232794,20523,12,2019,"I",,"Y","G","C","2019_12_VT0041200_NIBRS",67205554,0
2019,8148556,20574,1,2019,"I",,"Y","G","C","2019_01_VT0141100_NIBRS",41438610,0
2019,8156218,20574,2,2019,"I",,"Y","G","C","2019_02_VT0141100_NIBRS",47757047,0
2019,8163880,20574,3,2019,"Z",,"Y","G","C","2019_03_VT0141100_NIBRS",41507884,0
2019,8171542,20574,4,2019,"I",,"Y","G","C","2019_04_VT0141100_NIBRS",48740672,0
2019,8179204,20574,5,2019,"I",,"Y","G","C","2019_05_VT0141100_NIBRS",64089091,0
2019,8186866,20574,6,2019,"I",,"Y","G","C","2019_06_VT0141100_NIBRS",56544255,0
2019,8194528,20574,7,2019,"I",,"Y","G","C","2019_07_VT0141100_NIBRS",56539611,0
2019,8202190,20574,8,2019,"I",,"Y","G","C","2019_08_VT0141100_NIBRS",56539614,0
2019,8209852,20574,9,2019,"I",,"Y","G","C","2019_09_VT0141100_NIBRS",62514285,0
2019,8217514,20574,10,2019,"Z",,"Y","G","C","2019_10_VT0141100_NIBRS",58694288,0
2019,8225176,20574,11,2019,"Z",,"Y","G","C","2019_11_VT0141100_NIBRS",60984493,0
2019,8232838,20574,12,2019,"I",,"Y","G","C","2019_12_VT0141100_NIBRS",64089095,0
2019,8148498,20509,1,2019,"I",,"Y","G","C","2019_01_VT0030100_NIBRS",56540356,0
2019,8156160,20509,2,2019,"I",,"Y","G","C","2019_02_VT0030100_NIBRS",49595538,0
2019,8163822,20509,3,2019,"I",,"Y","G","C","2019_03_VT0030100_NIBRS",69839288,0
2019,8148548,20566,1,2019,"I",,"Y","G","C","2019_01_VT0140100_NIBRS",69833648,0
2019,8156210,20566,2,2019,"I",,"Y","G","C","2019_02_VT0140100_NIBRS",58693384,0
2019,8202149,20526,8,2019,"I",,"Y","G","C","2019_08_VT0050500_NIBRS",62514387,0
2019,8209811,20526,9,2019,"Z",,"Y","G","C","2019_09_VT0050500_NIBRS",56548059,0
2019,8217473,20526,10,2019,"I",,"Y","G","C","2019_10_VT0050500_NIBRS",62514392,0
2019,8225135,20526,11,2019,"I",,"Y","G","C","2019_11_VT0050500_NIBRS",62514394,0
2019,8232797,20526,12,2019,"I",,"Y","G","C","2019_12_VT0050500_NIBRS",67211891,0
2019,8148516,20527,1,2019,"I",,"Y","G","C","2019_01_VT0060000_NIBRS",60965253,0
2019,8156178,20527,2,2019,"I",,"Y","G","C","2019_02_VT0060000_NIBRS",49604735,0
2019,8163840,20527,3,2019,"I",,"Y","G","C","2019_03_VT0060000_NIBRS",69839391,0
2019,8171502,20527,4,2019,"I",,"Y","G","C","2019_04_VT0060000_NIBRS",50643787,0
2019,8179164,20527,5,2019,"I",,"Y","G","C","2019_05_VT0060000_NIBRS",69827865,0
2019,8186826,20527,6,2019,"I",,"Y","G","C","2019_06_VT0060000_NIBRS",69833542,0
2019,8194488,20527,7,2019,"I",,"Y","G","C","2019_07_VT0060000_NIBRS",69839399,0
2019,8202150,20527,8,2019,"I",,"Y","G","C","2019_08_VT0060000_NIBRS",69839405,0
2019,8209812,20527,9,2019,"I",,"Y","G","C","2019_09_VT0060000_NIBRS",69833550,0
2019,8217474,20527,10,2019,"I",,"Y","G","C","2019_10_VT0060000_NIBRS",60967328,0
2019,8225136,20527,11,2019,"I",,"Y","G","C","2019_11_VT0060000_NIBRS",69833554,0
2019,8232798,20527,12,2019,"I",,"Y","G","C","2019_12_VT0060000_NIBRS",69833555,0
2019,8148496,20507,1,2019,"I",,"Y","G","C","2019_01_VT0020800_NIBRS",56539374,0
2019,8156158,20507,2,2019,"I",,"Y","G","C","2019_02_VT0020800_NIBRS",62507942,0
2019,8163820,20507,3,2019,"I",,"Y","G","C","2019_03_VT0020800_NIBRS",48740452,0
2019,8171482,20507,4,2019,"I",,"Y","G","C","2019_04_VT0020800_NIBRS",48075433,0
2019,8148499,20510,1,2019,"I",,"Y","G","C","2019_01_VT0030200_NIBRS",41437695,0
2019,8156161,20510,2,2019,"I",,"Y","G","C","2019_02_VT0030200_NIBRS",48045060,0
2019,8163823,20510,3,2019,"I",,"Y","G","C","2019_03_VT0030200_NIBRS",49596334,0
2019,8171485,20510,4,2019,"I",,"Y","G","C","2019_04_VT0030200_NIBRS",49607100,0
2019,8179147,20510,5,2019,"I",,"Y","G","C","2019_05_VT0030200_NIBRS",56540487,0
2019,8186809,20510,6,2019,"I",,"Y","G","C","2019_06_VT0030200_NIBRS",71653055,0
2019,8194471,20510,7,2019,"I",,"Y","G","C","2019_07_VT0030200_NIBRS",69827619,0
2019,8202133,20510,8,2019,"I",,"Y","G","C","2019_08_VT0030200_NIBRS",60967756,0
2019,8209795,20510,9,2019,"I",,"Y","G","C","2019_09_VT0030200_NIBRS",69827626,0
2019,8217457,20510,10,2019,"I",,"Y","G","C","2019_10_VT0030200_NIBRS",60967761,0
2019,8225119,20510,11,2019,"I",,"Y","G","C","2019_11_VT0030200_NIBRS",69833343,0
2019,8232781,20510,12,2019,"I",,"Y","G","C","2019_12_VT0030200_NIBRS",69839092,0
2019,8148546,20563,1,2019,"I",,"Y","G","C","2019_01_VT0130500_NIBRS",41438872,0
2019,8156208,20563,2,2019,"I",,"Y","G","C","2019_02_VT0130500_NIBRS",47766479,0
2019,8163870,20563,3,2019,"I",,"Y","G","C","2019_03_VT0130500_NIBRS",48740772,0
2019,8148545,20562,1,2019,"I",,"Y","G","C","2019_01_VT0130300_NIBRS",48744675,0
2019,8156207,20562,2,2019,"I",,"Y","G","C","2019_02_VT0130300_NIBRS",41508346,0
2019,8163869,20562,3,2019,"I",,"Y","G","C","2019_03_VT0130300_NIBRS",56544451,0
2019,8171531,20562,4,2019,"I",,"Y","G","C","2019_04_VT0130300_NIBRS",49606311,0
2019,8179193,20562,5,2019,"I",,"Y","G","C","2019_05_VT0130300_NIBRS",56544454,0
2019,8186855,20562,6,2019,"I",,"Y","G","C","2019_06_VT0130300_NIBRS",49606316,0
2019,8194517,20562,7,2019,"I",,"Y","G","C","2019_07_VT0130300_NIBRS",69837373,0
2019,8202179,20562,8,2019,"I",,"Y","G","C","2019_08_VT0130300_NIBRS",62514479,0
2019,8209841,20562,9,2019,"I",,"Y","G","C","2019_09_VT0130300_NIBRS",58694718,0
2019,8217503,20562,10,2019,"I",,"Y","G","C","2019_10_VT0130300_NIBRS",64082569,0
2019,8225165,20562,11,2019,"I",,"Y","G","C","2019_11_VT0130300_NIBRS",69837380,0
2019,8232827,20562,12,2019,"I",,"Y","G","C","2019_12_VT0130300_NIBRS",67211108,0
2019,8149496,25413,1,2019,"Z",,"Y","G","C","2019_01_VT0120700_NIBRS",41352066,0
2019,8157158,25413,2,2019,"Z",,"Y","G","C","2019_02_VT0120700_NIBRS",41438022,0
2019,8164820,25413,3,2019,"Z",,"Y","G","C","2019_03_VT0120700_NIBRS",41502266,0
2019,8172482,25413,4,2019,"U",,"Y","G","C","2019_04_VT0120700_NIBRS",,0
2019,8180144,25413,5,2019,"I",,"Y","G","C","2019_05_VT0120700_NIBRS",49611648,0
2019,8187806,25413,6,2019,"Z",,"Y","G","C","2019_06_VT0120700_NIBRS",48756054,0
2019,8195468,25413,7,2019,"Z",,"Y","G","C","2019_07_VT0120700_NIBRS",49611650,0
2019,8203130,25413,8,2019,"Z",,"Y","G","C","2019_08_VT0120700_NIBRS",50633132,0
2019,8210792,25413,9,2019,"Z",,"Y","G","C","2019_09_VT0120700_NIBRS",56540619,0
2019,8218454,25413,10,2019,"Z",,"Y","G","C","2019_10_VT0120700_NIBRS",58693666,0
2019,8226116,25413,11,2019,"Z",,"Y","G","C","2019_11_VT0120700_NIBRS",60961287,0
2019,8233778,25413,12,2019,"Z",,"Y","G","C","2019_12_VT0120700_NIBRS",62509500,0
2019,8179208,20578,5,2019,"I",,"Y","G","C","2019_05_VTVSP0000_NIBRS",67212188,0
2019,8186870,20578,6,2019,"I",,"Y","G","C","2019_06_VTVSP0000_NIBRS",56548155,0
2019,8194532,20578,7,2019,"I",,"Y","G","C","2019_07_VTVSP0000_NIBRS",64082593,0
2019,8202202,20587,8,2019,"I",,"Y","G","C","2019_08_VTVSP0900_NIBRS",67212454,0
2019,8209864,20587,9,2019,"I",,"Y","G","C","2019_09_VTVSP0900_NIBRS",67211471,0
2019,8217526,20587,10,2019,"I",,"Y","G","C","2019_10_VTVSP0900_NIBRS",64088976,0
2019,8225188,20587,11,2019,"I",,"Y","G","C","2019_11_VTVSP0900_NIBRS",67212452,0
2019,8232850,20587,12,2019,"I",,"Y","G","C","2019_12_VTVSP0900_NIBRS",67211498,0
2019,8148520,20533,1,2019,"I",,"Y","G","C","2019_01_VT0080000_NIBRS",71652993,0
2019,8156182,20533,2,2019,"I",,"Y","G","C","2019_02_VT0080000_NIBRS",58692495,0
2019,8148544,20561,1,2019,"I",,"Y","G","C","2019_01_VT0130200_NIBRS",50644333,0
2019,8156206,20561,2,2019,"I",,"Y","G","C","2019_02_VT0130200_NIBRS",50644336,0
2019,8163868,20561,3,2019,"I",,"Y","G","C","2019_03_VT0130200_NIBRS",58694343,0
2019,8171530,20561,4,2019,"I",,"Y","G","C","2019_04_VT0130200_NIBRS",71653536,0
2019,8179192,20561,5,2019,"I",,"Y","G","C","2019_05_VT0130200_NIBRS",67212076,0
2019,8186854,20561,6,2019,"I",,"Y","G","C","2019_06_VT0130200_NIBRS",67212061,0
2019,8194516,20561,7,2019,"I",,"Y","G","C","2019_07_VT0130200_NIBRS",64089107,0
2019,8202178,20561,8,2019,"I",,"Y","G","C","2019_08_VT0130200_NIBRS",67212083,0
2019,8209840,20561,9,2019,"I",,"Y","G","C","2019_09_VT0130200_NIBRS",69832037,0
2019,8217502,20561,10,2019,"I",,"Y","G","C","2019_10_VT0130200_NIBRS",67212089,0
2019,8225164,20561,11,2019,"I",,"Y","G","C","2019_11_VT0130200_NIBRS",67211134,0
2019,8232826,20561,12,2019,"I",,"Y","G","C","2019_12_VT0130200_NIBRS",67211140,0
2019,8163860,20552,3,2019,"I",,"Y","G","C","2019_03_VT0120100_NIBRS",69839148,0
2019,8171522,20552,4,2019,"I",,"Y","G","C","2019_04_VT0120100_NIBRS",69839157,0
2019,8179184,20552,5,2019,"I",,"Y","G","C","2019_05_VT0120100_NIBRS",71652564,0
2019,8186846,20552,6,2019,"I",,"Y","G","C","2019_06_VT0120100_NIBRS",69839175,0
2019,8194508,20552,7,2019,"I",,"Y","G","C","2019_07_VT0120100_NIBRS",69827702,0
2019,8202170,20552,8,2019,"I",,"Y","G","C","2019_08_VT0120100_NIBRS",69839187,0
2019,8209832,20552,9,2019,"I",,"Y","G","C","2019_09_VT0120100_NIBRS",69839194,0
2019,8217494,20552,10,2019,"I",,"Y","G","C","2019_10_VT0120100_NIBRS",69839203,0
2019,8225156,20552,11,2019,"I",,"Y","G","C","2019_11_VT0120100_NIBRS",71652568,0
2019,8232818,20552,12,2019,"I",,"Y","G","C","2019_12_VT0120100_NIBRS",69833423,0
2019,8171489,20514,4,2019,"I",,"Y","G","C","2019_04_VT0040200_NIBRS",56544472,0
2019,8179151,20514,5,2019,"I",,"Y","G","C","2019_05_VT0040200_NIBRS",67211885,0
2019,8186813,20514,6,2019,"I",,"Y","G","C","2019_06_VT0040200_NIBRS",67211867,0
2019,8194475,20514,7,2019,"I",,"Y","G","C","2019_07_VT0040200_NIBRS",67211871,0
2019,8202137,20514,8,2019,"I",,"Y","G","C","2019_08_VT0040200_NIBRS",67211914,0
2019,8209799,20514,9,2019,"I",,"Y","G","C","2019_09_VT0040200_NIBRS",69837385,0
2019,8217461,20514,10,2019,"I",,"Y","G","C","2019_10_VT0040200_NIBRS",67211890,0
2019,8225123,20514,11,2019,"I",,"Y","G","C","2019_11_VT0040200_NIBRS",67211895,0
2019,8232785,20514,12,2019,"I",,"Y","G","C","2019_12_VT0040200_NIBRS",67205566,0
2019,8186873,20581,6,2019,"I",,"Y","G","C","2019_06_VTVSP0300_NIBRS",56539436,0
2019,8194535,20581,7,2019,"I",,"Y","G","C","2019_07_VTVSP0300_NIBRS",67211272,0
2019,8202197,20581,8,2019,"I",,"Y","G","C","2019_08_VTVSP0300_NIBRS",64088987,0
2019,8209859,20581,9,2019,"I",,"Y","G","C","2019_09_VTVSP0300_NIBRS",60987283,0
2019,8217521,20581,10,2019,"I",,"Y","G","C","2019_10_VTVSP0300_NIBRS",67205703,0
2019,8225183,20581,11,2019,"I",,"Y","G","C","2019_11_VTVSP0300_NIBRS",64082417,0
2019,8232845,20581,12,2019,"I",,"Y","G","C","2019_12_VTVSP0300_NIBRS",67211282,0
2019,8156193,20544,2,2019,"I",,"Y","G","C","2019_02_VT0110200_NIBRS",71653622,0
2019,8163855,20544,3,2019,"I",,"Y","G","C","2019_03_VT0110200_NIBRS",71653653,0
2019,8171517,20544,4,2019,"I",,"Y","G","C","2019_04_VT0110200_NIBRS",71653628,0
2019,8179179,20544,5,2019,"I",,"Y","G","C","2019_05_VT0110200_NIBRS",60987557,0
2019,8186841,20544,6,2019,"I",,"Y","G","C","2019_06_VT0110200_NIBRS",71653656,0
2019,8194503,20544,7,2019,"I",,"Y","G","C","2019_07_VT0110200_NIBRS",67205612,0
2019,8202165,20544,8,2019,"I",,"Y","G","C","2019_08_VT0110200_NIBRS",71653634,0
2019,8209827,20544,9,2019,"I",,"Y","G","C","2019_09_VT0110200_NIBRS",71653660,0
2019,8217489,20544,10,2019,"I",,"Y","G","C","2019_10_VT0110200_NIBRS",71657881,0
2019,8225151,20544,11,2019,"I",,"Y","G","C","2019_11_VT0110200_NIBRS",71657902,0
2019,8232813,20544,12,2019,"I",,"Y","G","C","2019_12_VT0110200_NIBRS",69832263,0
2019,8163893,20589,3,2019,"I",,"Y","G","C","2019_03_VTVSP1100_NIBRS",48740444,0
2019,8171555,20589,4,2019,"I",,"Y","G","C","2019_04_VTVSP1100_NIBRS",62507885,0
2019,8179217,20589,5,2019,"I",,"Y","G","C","2019_05_VTVSP1100_NIBRS",60984183,0
2019,8186879,20589,6,2019,"I",,"Y","G","C","2019_06_VTVSP1100_NIBRS",69836961,0
2019,8194541,20589,7,2019,"I",,"Y","G","C","2019_07_VTVSP1100_NIBRS",60984176,0
2019,8202203,20589,8,2019,"I",,"Y","G","C","2019_08_VTVSP1100_NIBRS",60984191,0
2019,8209865,20589,9,2019,"I",,"Y","G","C","2019_09_VTVSP1100_NIBRS",71657374,0
2019,8217527,20589,10,2019,"I",,"Y","G","C","2019_10_VTVSP1100_NIBRS",64075245,0
2019,8225189,20589,11,2019,"I",,"Y","G","C","2019_11_VTVSP1100_NIBRS",69836971,0
2019,8232851,20589,12,2019,"I",,"Y","G","C","2019_12_VTVSP1100_NIBRS",69836954,0
2019,8194522,20568,7,2019,"I",,"Y","G","C","2019_07_VT0140300_NIBRS",62507898,0
2019,8202184,20568,8,2019,"I",,"Y","G","C","2019_08_VT0140300_NIBRS",64082619,0
2019,8209846,20568,9,2019,"I",,"Y","G","C","2019_09_VT0140300_NIBRS",69836957,0
2019,8217508,20568,10,2019,"I",,"Y","G","C","2019_10_VT0140300_NIBRS",71657364,0
2019,8225170,20568,11,2019,"I",,"Y","G","C","2019_11_VT0140300_NIBRS",67211597,0
2019,8232832,20568,12,2019,"I",,"Y","G","C","2019_12_VT0140300_NIBRS",69836965,0
2019,8179185,20553,5,2019,"I",,"Y","G","C","2019_05_VT0120200_NIBRS",69833389,0
2019,8186847,20553,6,2019,"I",,"Y","G","C","2019_06_VT0120200_NIBRS",69827686,0
2019,8194509,20553,7,2019,"I",,"Y","G","C","2019_07_VT0120200_NIBRS",58692118,0
2019,8202171,20553,8,2019,"I",,"Y","G","C","2019_08_VT0120200_NIBRS",69827691,0
2019,8209833,20553,9,2019,"I",,"Y","G","C","2019_09_VT0120200_NIBRS",69839176,0
2019,8217495,20553,10,2019,"I",,"Y","G","C","2019_10_VT0120200_NIBRS",64132687,0
2019,8225157,20553,11,2019,"I",,"Y","G","C","2019_11_VT0120200_NIBRS",69833397,0
2019,8232819,20553,12,2019,"I",,"Y","G","C","2019_12_VT0120200_NIBRS",69839182,0
2019,8179154,20517,5,2019,"I",,"Y","G","C","2019_05_VT0040500_NIBRS",71652704,0
2019,8186816,20517,6,2019,"I",,"Y","G","C","2019_06_VT0040500_NIBRS",69832323,0
2019,8194478,20517,7,2019,"I",,"Y","G","C","2019_07_VT0040500_NIBRS",69837468,0
2019,8202140,20517,8,2019,"I",,"Y","G","C","2019_08_VT0040500_NIBRS",69837472,0
2019,8209802,20517,9,2019,"I",,"Y","G","C","2019_09_VT0040500_NIBRS",71652711,0
2019,8217464,20517,10,2019,"I",,"Y","G","C","2019_10_VT0040500_NIBRS",69837478,0
2019,8225126,20517,11,2019,"I",,"Y","G","C","2019_11_VT0040500_NIBRS",71657016,0
2019,8232788,20517,12,2019,"I",,"Y","G","C","2019_12_VT0040500_NIBRS",69832365,0
2019,8171494,20519,4,2019,"I",,"Y","G","C","2019_04_VT0040700_NIBRS",62507886,0
2019,8179156,20519,5,2019,"I",,"Y","G","C","2019_05_VT0040700_NIBRS",69836966,0
2019,8186818,20519,6,2019,"I",,"Y","G","C","2019_06_VT0040700_NIBRS",64075270,0
2019,8194480,20519,7,2019,"I",,"Y","G","C","2019_07_VT0040700_NIBRS",64088908,0
2019,8202142,20519,8,2019,"I",,"Y","G","C","2019_08_VT0040700_NIBRS",64088913,0
2019,8209804,20519,9,2019,"I",,"Y","G","C","2019_09_VT0040700_NIBRS",67211850,0
2019,8217466,20519,10,2019,"I",,"Y","G","C","2019_10_VT0040700_NIBRS",69837002,0
2019,8225128,20519,11,2019,"I",,"Y","G","C","2019_11_VT0040700_NIBRS",64075289,0
2019,8232790,20519,12,2019,"I",,"Y","G","C","2019_12_VT0040700_NIBRS",69831936,0
2019,8156167,20516,2,2019,"I",,"Y","G","C","2019_02_VT0040400_NIBRS",49601177,0
2019,8163829,20516,3,2019,"I",,"Y","G","C","2019_03_VT0040400_NIBRS",50637017,0
2019,8171491,20516,4,2019,"I",,"Y","G","C","2019_04_VT0040400_NIBRS",56544629,0
2019,8179153,20516,5,2019,"I",,"Y","G","C","2019_05_VT0040400_NIBRS",56539763,0
2019,8186815,20516,6,2019,"I",,"Y","G","C","2019_06_VT0040400_NIBRS",64132979,0
2019,8194477,20516,7,2019,"I",,"Y","G","C","2019_07_VT0040400_NIBRS",60956557,0
2019,8202139,20516,8,2019,"I",,"Y","G","C","2019_08_VT0040400_NIBRS",69832826,0
2019,8209801,20516,9,2019,"I",,"Y","G","C","2019_09_VT0040400_NIBRS",64128585,0
2019,8217463,20516,10,2019,"I",,"Y","G","C","2019_10_VT0040400_NIBRS",69827212,0
2019,8225125,20516,11,2019,"I",,"Y","G","C","2019_11_VT0040400_NIBRS",69838099,0
2019,8232787,20516,12,2019,"I",,"Y","G","C","2019_12_VT0040400_NIBRS",69832845,0
2019,8156223,20579,2,2019,"I",,"Y","G","C","2019_02_VTVSP0100_NIBRS",60987425,0
2019,8163885,20579,3,2019,"I",,"Y","G","C","2019_03_VTVSP0100_NIBRS",60987427,0
2019,8171547,20579,4,2019,"I",,"Y","G","C","2019_04_VTVSP0100_NIBRS",56548051,0
2019,8179209,20579,5,2019,"I",,"Y","G","C","2019_05_VTVSP0100_NIBRS",60970642,0
2019,8186871,20579,6,2019,"I",,"Y","G","C","2019_06_VTVSP0100_NIBRS",56544380,0
2019,8194533,20579,7,2019,"I",,"Y","G","C","2019_07_VTVSP0100_NIBRS",60984591,0
2019,8202195,20579,8,2019,"I",,"Y","G","C","2019_08_VTVSP0100_NIBRS",60987435,0
2019,8209857,20579,9,2019,"I",,"Y","G","C","2019_09_VTVSP0100_NIBRS",69837319,0
2019,8217519,20579,10,2019,"I",,"Y","G","C","2019_10_VTVSP0100_NIBRS",64089181,0
2019,8225181,20579,11,2019,"I",,"Y","G","C","2019_11_VTVSP0100_NIBRS",67205700,0
2019,8232843,20579,12,2019,"I",,"Y","G","C","2019_12_VTVSP0100_NIBRS",67212245,0
2019,8202128,20503,8,2019,"I",,"Y","G","C","2019_08_VT0020100_NIBRS",71653263,0
2019,8209790,20503,9,2019,"I",,"Y","G","C","2019_09_VT0020100_NIBRS",71653279,0
2019,8217452,20503,10,2019,"I",,"Y","G","C","2019_10_VT0020100_NIBRS",67205544,0
2019,8225114,20503,11,2019,"I",,"Y","G","C","2019_11_VT0020100_NIBRS",67205569,0
2019,8232776,20503,12,2019,"I",,"Y","G","C","2019_12_VT0020100_NIBRS",71657458,0
2019,8171503,20528,4,2019,"I",,"Y","G","C","2019_04_VT0060100_NIBRS",71652791,0
2019,8179165,20528,5,2019,"I",,"Y","G","C","2019_05_VT0060100_NIBRS",71652803,0
2019,8186827,20528,6,2019,"I",,"Y","G","C","2019_06_VT0060100_NIBRS",69837918,0
2019,8194489,20528,7,2019,"I",,"Y","G","C","2019_07_VT0060100_NIBRS",71652816,0
2019,8202151,20528,8,2019,"I",,"Y","G","C","2019_08_VT0060100_NIBRS",71652825,0
2019,8209813,20528,9,2019,"I",,"Y","G","C","2019_09_VT0060100_NIBRS",71657100,0
2019,8217475,20528,10,2019,"I",,"Y","G","C","2019_10_VT0060100_NIBRS",69837962,0
2019,8225137,20528,11,2019,"I",,"Y","G","C","2019_11_VT0060100_NIBRS",69837973,0
2019,8232799,20528,12,2019,"I",,"Y","G","C","2019_12_VT0060100_NIBRS",71657111,0
2019,8194463,20500,7,2019,"I",,"Y","G","C","2019_07_VT0010200_NIBRS",69832482,0
2019,8202125,20500,8,2019,"I",,"Y","G","C","2019_08_VT0010200_NIBRS",64128587,0
2019,8209787,20500,9,2019,"I",,"Y","G","C","2019_09_VT0010200_NIBRS",69826971,0
2019,8217449,20500,10,2019,"I",,"Y","G","C","2019_10_VT0010200_NIBRS",69837609,0
2019,8225111,20500,11,2019,"I",,"Y","G","C","2019_11_VT0010200_NIBRS",69832502,0
2019,8232773,20500,12,2019,"I",,"Y","G","C","2019_12_VT0010200_NIBRS",69837617,0
2019,8171525,20556,4,2019,"I",,"Y","G","C","2019_04_VT0120500_NIBRS",69837586,0
2019,8179187,20556,5,2019,"I",,"Y","G","C","2019_05_VT0120500_NIBRS",69832477,0
2019,8186849,20556,6,2019,"I",,"Y","G","C","2019_06_VT0120500_NIBRS",69826969,0
2019,8194511,20556,7,2019,"I",,"Y","G","C","2019_07_VT0120500_NIBRS",69832483,0
2019,8202173,20556,8,2019,"I",,"Y","G","C","2019_08_VT0120500_NIBRS",69832490,0
2019,8209835,20556,9,2019,"I",,"Y","G","C","2019_09_VT0120500_NIBRS",69837610,0
2019,8217497,20556,10,2019,"I",,"Y","G","C","2019_10_VT0120500_NIBRS",69826976,0
2019,8225159,20556,11,2019,"I",,"Y","G","C","2019_11_VT0120500_NIBRS",71652992,0
2019,8232821,20556,12,2019,"I",,"Y","G","C","2019_12_VT0120500_NIBRS",71657225,0
2019,8156162,20511,2,2019,"I",,"Y","G","C","2019_02_VT0030300_NIBRS",48045044,0
2019,8163824,20511,3,2019,"I",,"Y","G","C","2019_03_VT0030300_NIBRS",69827873,0
2019,8171486,20511,4,2019,"I",,"Y","G","C","2019_04_VT0030300_NIBRS",69839409,0
2019,8179148,20511,5,2019,"I",,"Y","G","C","2019_05_VT0030300_NIBRS",64133599,0
2019,8186810,20511,6,2019,"I",,"Y","G","C","2019_06_VT0030300_NIBRS",67212572,0
2019,8194472,20511,7,2019,"I",,"Y","G","C","2019_07_VT0030300_NIBRS",71652739,0
2019,8202134,20511,8,2019,"I",,"Y","G","C","2019_08_VT0030300_NIBRS",69839414,0
2019,8209796,20511,9,2019,"I",,"Y","G","C","2019_09_VT0030300_NIBRS",69827878,0
2019,8217458,20511,10,2019,"I",,"Y","G","C","2019_10_VT0030300_NIBRS",69827882,0
2019,8225120,20511,11,2019,"I",,"Y","G","C","2019_11_VT0030300_NIBRS",69833558,0
2019,8232782,20511,12,2019,"I",,"Y","G","C","2019_12_VT0030300_NIBRS",69839432,0
2019,8156172,20521,2,2019,"I",,"Y","G","C","2019_02_VT0041000_NIBRS",67211865,0
2019,8163834,20521,3,2019,"I",,"Y","G","C","2019_03_VT0041000_NIBRS",50644391,0
2019,8171496,20521,4,2019,"I",,"Y","G","C","2019_04_VT0041000_NIBRS",67211870,0
2019,8179158,20521,5,2019,"I",,"Y","G","C","2019_05_VT0041000_NIBRS",50644373,0
2019,8186820,20521,6,2019,"I",,"Y","G","C","2019_06_VT0041000_NIBRS",67205551,0
2019,8194482,20521,7,2019,"I",,"Y","G","C","2019_07_VT0041000_NIBRS",62508238,0
2019,8202144,20521,8,2019,"I",,"Y","G","C","2019_08_VT0041000_NIBRS",62508243,0
2019,8209806,20521,9,2019,"I",,"Y","G","C","2019_09_VT0041000_NIBRS",67211857,0
2019,8217468,20521,10,2019,"I",,"Y","G","C","2019_10_VT0041000_NIBRS",62508256,0
2019,8225130,20521,11,2019,"I",,"Y","G","C","2019_11_VT0041000_NIBRS",71657765,0
2019,8232792,20521,12,2019,"I",,"Y","G","C","2019_12_VT0041000_NIBRS",71657784,0
2019,8202152,20530,8,2019,"I",,"Y","G","C","2019_08_VT0060300_NIBRS",67205567,0
2019,8209814,20530,9,2019,"I",,"Y","G","C","2019_09_VT0060300_NIBRS",69832127,0
2019,8217476,20530,10,2019,"I",,"Y","G","C","2019_10_VT0060300_NIBRS",67205573,0
2019,8225138,20530,11,2019,"I",,"Y","G","C","2019_11_VT0060300_NIBRS",67205577,0
2019,8232800,20530,12,2019,"I",,"Y","G","C","2019_12_VT0060300_NIBRS",67211912,0
2019,8163844,20533,3,2019,"I",,"Y","G","C","2019_03_VT0080000_NIBRS",49605597,0
2019,8171506,20533,4,2019,"I",,"Y","G","C","2019_04_VT0080000_NIBRS",69827693,0
2019,8179168,20533,5,2019,"I",,"Y","G","C","2019_05_VT0080000_NIBRS",50632849,0
2019,8186830,20533,6,2019,"I",,"Y","G","C","2019_06_VT0080000_NIBRS",60965393,0
2019,8194492,20533,7,2019,"I",,"Y","G","C","2019_07_VT0080000_NIBRS",69827698,0
2019,8202154,20533,8,2019,"I",,"Y","G","C","2019_08_VT0080000_NIBRS",69827704,0
2019,8209816,20533,9,2019,"I",,"Y","G","C","2019_09_VT0080000_NIBRS",69839181,0
2019,8217478,20533,10,2019,"I",,"Y","G","C","2019_10_VT0080000_NIBRS",69827715,0
2019,8225140,20533,11,2019,"I",,"Y","G","C","2019_11_VT0080000_NIBRS",64132675,0
2019,8232802,20533,12,2019,"I",,"Y","G","C","2019_12_VT0080000_NIBRS",64132677,0
2019,8163857,20546,3,2019,"I",,"Y","G","C","2019_03_VT0110400_NIBRS",56539620,0
2019,8171519,20546,4,2019,"I",,"Y","G","C","2019_04_VT0110400_NIBRS",56544261,0
2019,8179181,20546,5,2019,"I",,"Y","G","C","2019_05_VT0110400_NIBRS",56547969,0
2019,8186843,20546,6,2019,"I",,"Y","G","C","2019_06_VT0110400_NIBRS",58694274,0
2019,8194505,20546,7,2019,"I",,"Y","G","C","2019_07_VT0110400_NIBRS",58696731,0
2019,8202167,20546,8,2019,"I",,"Y","G","C","2019_08_VT0110400_NIBRS",60970551,0
2019,8209829,20546,9,2019,"I",,"Y","G","C","2019_09_VT0110400_NIBRS",58694268,0
2019,8217491,20546,10,2019,"I",,"Y","G","C","2019_10_VT0110400_NIBRS",64089087,0
2019,8225153,20546,11,2019,"I",,"Y","G","C","2019_11_VT0110400_NIBRS",64082499,0
2019,8232815,20546,12,2019,"I",,"Y","G","C","2019_12_VT0110400_NIBRS",67211013,0
2019,8171476,20499,4,2019,"I",,"Y","G","C","2019_04_VT0010100_NIBRS",48740725,0
2019,8179138,20499,5,2019,"I",,"Y","G","C","2019_05_VT0010100_NIBRS",48740730,0
2019,8186800,20499,6,2019,"I",,"Y","G","C","2019_06_VT0010100_NIBRS",71657757,0
2019,8194462,20499,7,2019,"I",,"Y","G","C","2019_07_VT0010100_NIBRS",67211846,0
2019,8202124,20499,8,2019,"I",,"Y","G","C","2019_08_VT0010100_NIBRS",64082533,0
2019,8209786,20499,9,2019,"I",,"Y","G","C","2019_09_VT0010100_NIBRS",71657759,0
2019,8217448,20499,10,2019,"I",,"Y","G","C","2019_10_VT0010100_NIBRS",71657763,0
2019,8225110,20499,11,2019,"I",,"Y","G","C","2019_11_VT0010100_NIBRS",71653557,0
2019,8232772,20499,12,2019,"I",,"Y","G","C","2019_12_VT0010100_NIBRS",71653560,0
2019,8148552,20570,1,2019,"I",,"Y","G","C","2019_01_VT0140500_NIBRS",56544017,0
2019,8156214,20570,2,2019,"I",,"Y","G","C","2019_02_VT0140500_NIBRS",48740428,0
2019,8163876,20570,3,2019,"I",,"Y","G","C","2019_03_VT0140500_NIBRS",62507893,0
2019,8171538,20570,4,2019,"I",,"Y","G","C","2019_04_VT0140500_NIBRS",49607444,0
2019,8179200,20570,5,2019,"I",,"Y","G","C","2019_05_VT0140500_NIBRS",67205665,0
2019,8186862,20570,6,2019,"I",,"Y","G","C","2019_06_VT0140500_NIBRS",69831915,0
2019,8194524,20570,7,2019,"I",,"Y","G","C","2019_07_VT0140500_NIBRS",67212119,0
2019,8202186,20570,8,2019,"I",,"Y","G","C","2019_08_VT0140500_NIBRS",67211176,0
2019,8209848,20570,9,2019,"I",,"Y","G","C","2019_09_VT0140500_NIBRS",62513959,0
2019,8217510,20570,10,2019,"I",,"Y","G","C","2019_10_VT0140500_NIBRS",62513962,0
2019,8225172,20570,11,2019,"I",,"Y","G","C","2019_11_VT0140500_NIBRS",62507905,0
2019,8232834,20570,12,2019,"I",,"Y","G","C","2019_12_VT0140500_NIBRS",64082396,0
2019,8148526,20539,1,2019,"I",,"Y","G","C","2019_01_VT0090400_NIBRS",48075740,0
2019,8156188,20539,2,2019,"I",,"Y","G","C","2019_02_VT0090400_NIBRS",48740821,0
2019,8163850,20539,3,2019,"Z",,"Y","G","C","2019_03_VT0090400_NIBRS",41495991,0
2019,8148542,20559,1,2019,"I",,"Y","G","C","2019_01_VT0130000_NIBRS",50637334,0
2019,8156204,20559,2,2019,"I",,"Y","G","C","2019_02_VT0130000_NIBRS",50632717,0
2019,8163866,20559,3,2019,"I",,"Y","G","C","2019_03_VT0130000_NIBRS",69839152,0
2019,8171528,20559,4,2019,"I",,"Y","G","C","2019_04_VT0130000_NIBRS",60961130,0
2019,8179190,20559,5,2019,"I",,"Y","G","C","2019_05_VT0130000_NIBRS",50632724,0
2019,8186852,20559,6,2019,"I",,"Y","G","C","2019_06_VT0130000_NIBRS",60967571,0
2019,8194514,20559,7,2019,"I",,"Y","G","C","2019_07_VT0130000_NIBRS",69839155,0
2019,8202176,20559,8,2019,"I",,"Y","G","C","2019_08_VT0130000_NIBRS",69839164,0
2019,8209838,20559,9,2019,"I",,"Y","G","C","2019_09_VT0130000_NIBRS",71652869,0
2019,8217500,20559,10,2019,"I",,"Y","G","C","2019_10_VT0130000_NIBRS",71652875,0
2019,8225162,20559,11,2019,"I",,"Y","G","C","2019_11_VT0130000_NIBRS",71657131,0
2019,8232824,20559,12,2019,"I",,"Y","G","C","2019_12_VT0130000_NIBRS",71652884,0
2019,8179180,20545,5,2019,"I",,"Y","G","C","2019_05_VT0110300_NIBRS",50644457,0
2019,8186842,20545,6,2019,"I",,"Y","G","C","2019_06_VT0110300_NIBRS",50644460,0
2019,8194504,20545,7,2019,"I",,"Y","G","C","2019_07_VT0110300_NIBRS",50638192,0
2019,8202166,20545,8,2019,"I",,"Y","G","C","2019_08_VT0110300_NIBRS",62508248,0
2019,8209828,20545,9,2019,"I",,"Y","G","C","2019_09_VT0110300_NIBRS",69837297,0
2019,8217490,20545,10,2019,"I",,"Y","G","C","2019_10_VT0110300_NIBRS",62514336,0
2019,8225152,20545,11,2019,"I",,"Y","G","C","2019_11_VT0110300_NIBRS",69837303,0
2019,8232814,20545,12,2019,"I",,"Y","G","C","2019_12_VT0110300_NIBRS",67211017,0
2019,8186850,20557,6,2019,"I",,"Y","G","C","2019_06_VT0120600_NIBRS",64132939,0
2019,8194512,20557,7,2019,"I",,"Y","G","C","2019_07_VT0120600_NIBRS",71652647,0
2019,8202174,20557,8,2019,"I",,"Y","G","C","2019_08_VT0120600_NIBRS",69827259,0
2019,8209836,20557,9,2019,"I",,"Y","G","C","2019_09_VT0120600_NIBRS",69827263,0
2019,8217498,20557,10,2019,"I",,"Y","G","C","2019_10_VT0120600_NIBRS",69838219,0
2019,8225160,20557,11,2019,"I",,"Y","G","C","2019_11_VT0120600_NIBRS",71652653,0
2019,8232822,20557,12,2019,"I",,"Y","G","C","2019_12_VT0120600_NIBRS",71652659,0
2019,8156154,20501,2,2019,"I",,"Y","G","C","2019_02_VT0010300_NIBRS",47756715,0
2019,8163816,20501,3,2019,"I",,"Y","G","C","2019_03_VT0010300_NIBRS",48091124,0
2019,8171478,20501,4,2019,"I",,"Y","G","C","2019_04_VT0010300_NIBRS",69836994,0
2019,8179140,20501,5,2019,"I",,"Y","G","C","2019_05_VT0010300_NIBRS",69837003,0
2019,8186802,20501,6,2019,"I",,"Y","G","C","2019_06_VT0010300_NIBRS",71657399,0
2019,8194464,20501,7,2019,"I",,"Y","G","C","2019_07_VT0010300_NIBRS",71657401,0
2019,8202126,20501,8,2019,"I",,"Y","G","C","2019_08_VT0010300_NIBRS",71657405,0
2019,8209788,20501,9,2019,"I",,"Y","G","C","2019_09_VT0010300_NIBRS",71653224,0
2019,8217450,20501,10,2019,"I",,"Y","G","C","2019_10_VT0010300_NIBRS",71653229,0
2019,8225112,20501,11,2019,"I",,"Y","G","C","2019_11_VT0010300_NIBRS",71653234,0
2019,8232774,20501,12,2019,"I",,"Y","G","C","2019_12_VT0010300_NIBRS",71657423,0
2019,8148528,20541,1,2019,"I",,"Y","G","C","2019_01_VT0100100_NIBRS",50632973,0
2019,8156190,20541,2,2019,"I",,"Y","G","C","2019_02_VT0100100_NIBRS",67212706,0
2019,8163852,20541,3,2019,"I",,"Y","G","C","2019_03_VT0100100_NIBRS",62481057,0
2019,8171514,20541,4,2019,"I",,"Y","G","C","2019_04_VT0100100_NIBRS",60967402,0
2019,8179176,20541,5,2019,"I",,"Y","G","C","2019_05_VT0100100_NIBRS",69839511,0
2019,8186838,20541,6,2019,"I",,"Y","G","C","2019_06_VT0100100_NIBRS",69839518,0
2019,8194500,20541,7,2019,"I",,"Y","G","C","2019_07_VT0100100_NIBRS",69827941,0
2019,8202162,20541,8,2019,"I",,"Y","G","C","2019_08_VT0100100_NIBRS",58693284,0
2019,8209824,20541,9,2019,"I",,"Y","G","C","2019_09_VT0100100_NIBRS",71657028,0
2019,8217486,20541,10,2019,"I",,"Y","G","C","2019_10_VT0100100_NIBRS",69833634,0
2019,8225148,20541,11,2019,"I",,"Y","G","C","2019_11_VT0100100_NIBRS",69833638,0
2019,8232810,20541,12,2019,"I",,"Y","G","C","2019_12_VT0100100_NIBRS",69839532,0
2019,8179191,20560,5,2019,"I",,"Y","G","C","2019_05_VT0130100_NIBRS",60965387,0
2019,8186853,20560,6,2019,"I",,"Y","G","C","2019_06_VT0130100_NIBRS",50637388,0
2019,8194515,20560,7,2019,"I",,"Y","G","C","2019_07_VT0130100_NIBRS",69833387,0
2019,8202177,20560,8,2019,"I",,"Y","G","C","2019_08_VT0130100_NIBRS",60965390,0
2019,8209839,20560,9,2019,"I",,"Y","G","C","2019_09_VT0130100_NIBRS",62515139,0
2019,8217501,20560,10,2019,"I",,"Y","G","C","2019_10_VT0130100_NIBRS",69839159,0
2019,8225163,20560,11,2019,"I",,"Y","G","C","2019_11_VT0130100_NIBRS",64129021,0
2019,8232825,20560,12,2019,"I",,"Y","G","C","2019_12_VT0130100_NIBRS",69833392,0
2019,8179169,20534,5,2019,"I",,"Y","G","C","2019_05_VT0080100_NIBRS",64132678,0
2019,8186831,20534,6,2019,"I",,"Y","G","C","2019_06_VT0080100_NIBRS",64132682,0
2019,8194493,20534,7,2019,"I",,"Y","G","C","2019_07_VT0080100_NIBRS",64132685,0
2019,8202155,20534,8,2019,"I",,"Y","G","C","2019_08_VT0080100_NIBRS",64128313,0
2019,8209817,20534,9,2019,"I",,"Y","G","C","2019_09_VT0080100_NIBRS",71652996,0
2019,8217479,20534,10,2019,"I",,"Y","G","C","2019_10_VT0080100_NIBRS",64132702,0
2019,8225141,20534,11,2019,"I",,"Y","G","C","2019_11_VT0080100_NIBRS",64132704,0
2019,8232803,20534,12,2019,"I",,"Y","G","C","2019_12_VT0080100_NIBRS",69833489,0
2019,8186832,20535,6,2019,"I",,"Y","G","C","2019_06_VT0080200_NIBRS",60967183,0
2019,8194494,20535,7,2019,"I",,"Y","G","C","2019_07_VT0080200_NIBRS",50643764,0
2019,8202156,20535,8,2019,"I",,"Y","G","C","2019_08_VT0080200_NIBRS",64129045,0
2019,8209818,20535,9,2019,"I",,"Y","G","C","2019_09_VT0080200_NIBRS",64129049,0
2019,8217480,20535,10,2019,"I",,"Y","G","C","2019_10_VT0080200_NIBRS",69833170,0
2019,8225142,20535,11,2019,"I",,"Y","G","C","2019_11_VT0080200_NIBRS",64133550,0
2019,8232804,20535,12,2019,"I",,"Y","G","C","2019_12_VT0080200_NIBRS",69838728,0
2019,8171540,20572,4,2019,"I",,"Y","G","C","2019_04_VT0140800_NIBRS",48744784,0
2019,8179202,20572,5,2019,"I",,"Y","G","C","2019_05_VT0140800_NIBRS",50644579,0
2019,8186864,20572,6,2019,"I",,"Y","G","C","2019_06_VT0140800_NIBRS",50638318,0
2019,8194526,20572,7,2019,"I",,"Y","G","C","2019_07_VT0140800_NIBRS",56544502,0
2019,8202188,20572,8,2019,"I",,"Y","G","C","2019_08_VT0140800_NIBRS",56548168,0
2019,8209850,20572,9,2019,"I",,"Y","G","C","2019_09_VT0140800_NIBRS",62508445,0
2019,8217512,20572,10,2019,"I",,"Y","G","C","2019_10_VT0140800_NIBRS",64082602,0
2019,8225174,20572,11,2019,"I",,"Y","G","C","2019_11_VT0140800_NIBRS",64082605,0
2019,8232836,20572,12,2019,"I",,"Y","G","C","2019_12_VT0140800_NIBRS",64075565,0
2019,8171512,20539,4,2019,"I",,"Y","G","C","2019_04_VT0090400_NIBRS",56544402,0
2019,8179174,20539,5,2019,"I",,"Y","G","C","2019_05_VT0090400_NIBRS",58694593,0
2019,8186836,20539,6,2019,"I",,"Y","G","C","2019_06_VT0090400_NIBRS",58694600,0
2019,8194498,20539,7,2019,"I",,"Y","G","C","2019_07_VT0090400_NIBRS",58694604,0
2019,8202160,20539,8,2019,"I",,"Y","G","C","2019_08_VT0090400_NIBRS",60984612,0
2019,8209822,20539,9,2019,"I",,"Y","G","C","2019_09_VT0090400_NIBRS",67211935,0
2019,8217484,20539,10,2019,"I",,"Y","G","C","2019_10_VT0090400_NIBRS",69832205,0
2019,8225146,20539,11,2019,"I",,"Y","G","C","2019_11_VT0090400_NIBRS",64075525,0
2019,8232808,20539,12,2019,"I",,"Y","G","C","2019_12_VT0090400_NIBRS",69832215,0
2019,8202194,20578,8,2019,"Z",,"Y","G","C","2019_08_VTVSP0000_NIBRS",50633711,0
2019,8209856,20578,9,2019,"Z",,"Y","G","C","2019_09_VTVSP0000_NIBRS",56548157,0
2019,8217518,20578,10,2019,"I",,"Y","G","C","2019_10_VTVSP0000_NIBRS",58694755,0
2019,8225180,20578,11,2019,"Z",,"Y","G","C","2019_11_VTVSP0000_NIBRS",60984720,0
2019,8232842,20578,12,2019,"Z",,"Y","G","C","2019_12_VTVSP0000_NIBRS",62514503,0
2019,8148501,20512,1,2019,"I",,"Y","G","C","2019_01_VT0040000_NIBRS",41351362,0
2019,8156163,20512,2,2019,"I",,"Y","G","C","2019_02_VT0040000_NIBRS",41500934,0
2019,8163825,20512,3,2019,"I",,"Y","G","C","2019_03_VT0040000_NIBRS",62509205,0
2019,8171487,20512,4,2019,"I",,"Y","G","C","2019_04_VT0040000_NIBRS",48044501,0
2019,8148529,20542,1,2019,"I",,"Y","G","C","2019_01_VT0110000_NIBRS",69833086,0
2019,8156191,20542,2,2019,"I",,"Y","G","C","2019_02_VT0110000_NIBRS",71652669,0
2019,8163853,20542,3,2019,"I",,"Y","G","C","2019_03_VT0110000_NIBRS",69838591,0
2019,8148511,20522,1,2019,"I",,"Y","G","C","2019_01_VT0041100_NIBRS",48038756,0
2019,8156173,20522,2,2019,"I",,"Y","G","C","2019_02_VT0041100_NIBRS",67205975,0
2019,8163835,20522,3,2019,"I",,"Y","G","C","2019_03_VT0041100_NIBRS",49606840,0
2019,8171497,20522,4,2019,"I",,"Y","G","C","2019_04_VT0041100_NIBRS",69837995,0
2019,8148541,20558,1,2019,"I",,"Y","G","C","2019_01_VT012165A_NIBRS",56540448,0
2019,8156203,20558,2,2019,"I",,"Y","G","C","2019_02_VT012165A_NIBRS",56548992,0
2019,8163865,20558,3,2019,"I",,"Y","G","C","2019_03_VT012165A_NIBRS",48039358,0
2019,8171527,20558,4,2019,"I",,"Y","G","C","2019_04_VT012165A_NIBRS",56548994,0
2019,8179189,20558,5,2019,"I",,"Y","G","C","2019_05_VT012165A_NIBRS",71653038,0
2019,8186851,20558,6,2019,"U",,"Y","G","C","2019_06_VT012165A_NIBRS",48752403,0
2019,8194513,20558,7,2019,"U",,"Y","G","C","2019_07_VT012165A_NIBRS",49604852,0
2019,8202175,20558,8,2019,"U",,"Y","G","C","2019_08_VT012165A_NIBRS",50643794,0
2019,8209837,20558,9,2019,"I",,"Y","G","C","2019_09_VT012165A_NIBRS",,0
2019,8217499,20558,10,2019,"I",,"Y","G","C","2019_10_VT012165A_NIBRS",62515354,0
2019,8225161,20558,11,2019,"U",,"Y","G","C","2019_11_VT012165A_NIBRS",60960783,0
2019,8232823,20558,12,2019,"I",,"Y","G","C","2019_12_VT012165A_NIBRS",71653052,0
2019,8179159,20522,5,2019,"I",,"Y","G","C","2019_05_VT0041100_NIBRS",49606857,0
2019,8186821,20522,6,2019,"I",,"Y","G","C","2019_06_VT0041100_NIBRS",69838006,0
2019,8194483,20522,7,2019,"I",,"Y","G","C","2019_07_VT0041100_NIBRS",69838017,0
2019,8202145,20522,8,2019,"I",,"Y","G","C","2019_08_VT0041100_NIBRS",62508666,0
2019,8209807,20522,9,2019,"I",,"Y","G","C","2019_09_VT0041100_NIBRS",71652848,0
2019,8217469,20522,10,2019,"I",,"Y","G","C","2019_10_VT0041100_NIBRS",69832773,0
2019,8225131,20522,11,2019,"I",,"Y","G","C","2019_11_VT0041100_NIBRS",64132865,0
2019,8232793,20522,12,2019,"I",,"Y","G","C","2019_12_VT0041100_NIBRS",69827173,0
2019,8186837,20540,6,2019,"I",,"Y","G","C","2019_06_VT0100000_NIBRS",60984609,0
2019,8194499,20540,7,2019,"I",,"Y","G","C","2019_07_VT0100000_NIBRS",71657818,0
2019,8202161,20540,8,2019,"I",,"Y","G","C","2019_08_VT0100000_NIBRS",64075518,0
2019,8209823,20540,9,2019,"I",,"Y","G","C","2019_09_VT0100000_NIBRS",67210981,0
2019,8217485,20540,10,2019,"I",,"Y","G","C","2019_10_VT0100000_NIBRS",64075526,0
2019,8225147,20540,11,2019,"I",,"Y","G","C","2019_11_VT0100000_NIBRS",67211950,0
2019,8232809,20540,12,2019,"I",,"Y","G","C","2019_12_VT0100000_NIBRS",67205603,0
2019,8171537,20569,4,2019,"I",,"Y","G","C","2019_04_VT0140400_NIBRS",50632367,0
2019,8179199,20569,5,2019,"I",,"Y","G","C","2019_05_VT0140400_NIBRS",69836960,0
2019,8186861,20569,6,2019,"I",,"Y","G","C","2019_06_VT0140400_NIBRS",69836964,0
2019,8194523,20569,7,2019,"I",,"Y","G","C","2019_07_VT0140400_NIBRS",56544547,0
2019,8202185,20569,8,2019,"I",,"Y","G","C","2019_08_VT0140400_NIBRS",62507884,0
2019,8209847,20569,9,2019,"I",,"Y","G","C","2019_09_VT0140400_NIBRS",60970793,0
2019,8217509,20569,10,2019,"I",,"Y","G","C","2019_10_VT0140400_NIBRS",69836969,0
2019,8225171,20569,11,2019,"I",,"Y","G","C","2019_11_VT0140400_NIBRS",69836973,0
2019,8232833,20569,12,2019,"I",,"Y","G","C","2019_12_VT0140400_NIBRS",67205885,0
2019,8186865,20573,6,2019,"I",,"Y","G","C","2019_06_VT0141000_NIBRS",50637018,0
2019,8194527,20573,7,2019,"I",,"Y","G","C","2019_07_VT0141000_NIBRS",56544536,0
2019,8202189,20573,8,2019,"I",,"Y","G","C","2019_08_VT0141000_NIBRS",64089320,0
2019,8209851,20573,9,2019,"I",,"Y","G","C","2019_09_VT0141000_NIBRS",64089324,0
2019,8217513,20573,10,2019,"I",,"Y","G","C","2019_10_VT0141000_NIBRS",62610616,0
2019,8225175,20573,11,2019,"I",,"Y","G","C","2019_11_VT0141000_NIBRS",62610617,0
2019,8232837,20573,12,2019,"I",,"Y","G","C","2019_12_VT0141000_NIBRS",64082611,0
2019,8171484,20509,4,2019,"I",,"Y","G","C","2019_04_VT0030100_NIBRS",58680606,0
2019,8179146,20509,5,2019,"I",,"Y","G","C","2019_05_VT0030100_NIBRS",69833465,0
2019,8186808,20509,6,2019,"I",,"Y","G","C","2019_06_VT0030100_NIBRS",62514653,0
2019,8194470,20509,7,2019,"I",,"Y","G","C","2019_07_VT0030100_NIBRS",58416378,0
2019,8202132,20509,8,2019,"I",,"Y","G","C","2019_08_VT0030100_NIBRS",58692911,0
2019,8209794,20509,9,2019,"I",,"Y","G","C","2019_09_VT0030100_NIBRS",60966909,0
2019,8217456,20509,10,2019,"I",,"Y","G","C","2019_10_VT0030100_NIBRS",64128302,0
2019,8225118,20509,11,2019,"I",,"Y","G","C","2019_11_VT0030100_NIBRS",64128303,0
2019,8232780,20509,12,2019,"I",,"Y","G","C","2019_12_VT0030100_NIBRS",69839300,0
2019,8163872,20566,3,2019,"I",,"Y","G","C","2019_03_VT0140100_NIBRS",49607216,0
2019,8171534,20566,4,2019,"I",,"Y","G","C","2019_04_VT0140100_NIBRS",49596443,0
2019,8179196,20566,5,2019,"I",,"Y","G","C","2019_05_VT0140100_NIBRS",69827956,0
2019,8186858,20566,6,2019,"I",,"Y","G","C","2019_06_VT0140100_NIBRS",69833655,0
2019,8194520,20566,7,2019,"I",,"Y","G","C","2019_07_VT0140100_NIBRS",58693396,0
2019,8202182,20566,8,2019,"I",,"Y","G","C","2019_08_VT0140100_NIBRS",58693400,0
2019,8209844,20566,9,2019,"I",,"Y","G","C","2019_09_VT0140100_NIBRS",64124597,0
2019,8217506,20566,10,2019,"I",,"Y","G","C","2019_10_VT0140100_NIBRS",64129129,0
2019,8225168,20566,11,2019,"I",,"Y","G","C","2019_11_VT0140100_NIBRS",64129133,0
2019,8232830,20566,12,2019,"I",,"Y","G","C","2019_12_VT0140100_NIBRS",64129137,0
2019,8179144,20507,5,2019,"I",,"Y","G","C","2019_05_VT0020800_NIBRS",67211864,0
2019,8186806,20507,6,2019,"Z",,"Y","G","C","2019_06_VT0020800_NIBRS",48740458,0
2019,8194468,20507,7,2019,"I",,"Y","G","C","2019_07_VT0020800_NIBRS",62514001,0
2019,8202130,20507,8,2019,"I",,"Y","G","C","2019_08_VT0020800_NIBRS",62514008,0
2019,8209792,20507,9,2019,"I",,"Y","G","C","2019_09_VT0020800_NIBRS",62507957,0
2019,8217454,20507,10,2019,"I",,"Y","G","C","2019_10_VT0020800_NIBRS",67211854,0
2019,8225116,20507,11,2019,"I",,"Y","G","C","2019_11_VT0020800_NIBRS",67211848,0
2019,8232778,20507,12,2019,"I",,"Y","G","C","2019_12_VT0020800_NIBRS",67211860,0
2019,8171532,20563,4,2019,"I",,"Y","G","C","2019_04_VT0130500_NIBRS",49608045,0
2019,8179194,20563,5,2019,"I",,"Y","G","C","2019_05_VT0130500_NIBRS",48740799,0
2019,8186856,20563,6,2019,"I",,"Y","G","C","2019_06_VT0130500_NIBRS",49612353,0
2019,8194518,20563,7,2019,"I",,"Y","G","C","2019_07_VT0130500_NIBRS",56548041,0
2019,8202180,20563,8,2019,"I",,"Y","G","C","2019_08_VT0130500_NIBRS",58694464,0
2019,8209842,20563,9,2019,"I",,"Y","G","C","2019_09_VT0130500_NIBRS",62514332,0
2019,8217504,20563,10,2019,"I",,"Y","G","C","2019_10_VT0130500_NIBRS",62514334,0
2019,8225166,20563,11,2019,"I",,"Y","G","C","2019_11_VT0130500_NIBRS",64075490,0
2019,8232828,20563,12,2019,"I",,"Y","G","C","2019_12_VT0130500_NIBRS",71657788,0
2019,8179149,20512,5,2019,"I",,"Y","G","C","2019_05_VT0040000_NIBRS",58691517,0
2019,8186811,20512,6,2019,"I",,"Y","G","C","2019_06_VT0040000_NIBRS",56544886,0
2019,8194473,20512,7,2019,"I",,"Y","G","C","2019_07_VT0040000_NIBRS",56548558,0
2019,8202135,20512,8,2019,"I",,"Y","G","C","2019_08_VT0040000_NIBRS",56548564,0
2019,8209797,20512,9,2019,"I",,"Y","G","C","2019_09_VT0040000_NIBRS",60967701,0
2019,8217459,20512,10,2019,"I",,"Y","G","C","2019_10_VT0040000_NIBRS",62509206,0
2019,8225121,20512,11,2019,"U",,"Y","G","C","2019_11_VT0040000_NIBRS",,0
2019,8232783,20512,12,2019,"I",,"Y","G","C","2019_12_VT0040000_NIBRS",62509210,0
2019,8171515,20542,4,2019,"I",,"Y","G","C","2019_04_VT0110000_NIBRS",69838598,0
2019,8179177,20542,5,2019,"I",,"Y","G","C","2019_05_VT0110000_NIBRS",69838611,0
2019,8186839,20542,6,2019,"I",,"Y","G","C","2019_06_VT0110000_NIBRS",69833113,0
2019,8194501,20542,7,2019,"I",,"Y","G","C","2019_07_VT0110000_NIBRS",69827372,0
2019,8202163,20542,8,2019,"I",,"Y","G","C","2019_08_VT0110000_NIBRS",69833120,0
2019,8209825,20542,9,2019,"I",,"Y","G","C","2019_09_VT0110000_NIBRS",69833121,0
2019,8217487,20542,10,2019,"I",,"Y","G","C","2019_10_VT0110000_NIBRS",69827377,0
2019,8225149,20542,11,2019,"I",,"Y","G","C","2019_11_VT0110000_NIBRS",71652675,0
2019,8232811,20542,12,2019,"I",,"Y","G","C","2019_12_VT0110000_NIBRS",69838630,0
