"DATA_YEAR","SUSPECTED_DRUG_TYPE_ID","PROPERTY_ID","EST_DRUG_QTY","DRUG_MEASURE_TYPE_ID","NIBRS_SUSPECTED_DRUG_ID"
2019,4,121156033,9,9,13006402
2019,4,121160499,4,9,12995555
2019,12,121156207,27,1,12995575
2019,8,121145552,1,11,12995100
2019,5,121149295,1,3,13000927
2019,4,121160781,1,2,12995587
2019,16,121149451,22,1,13000955
2019,4,121156272,0.7,1,12995598
2019,13,121145551,1,11,13005278
2019,8,121145551,1,11,13005277
2019,4,121160612,4,9,13006414
2019,5,121160622,2.45,3,12995564
2019,2,121156119,1,1,13006418
2019,2,121156230,7.7,1,12995582
2019,2,121149432,0.4,1,13000950
2019,1,121841427,3.299,1,13153770
2019,1,121841472,0.15,1,13153777
2019,15,121841425,0.5,1,13153769
2019,4,121841473,1,11,13153778
2019,4,121149372,143,1,13000935
2019,4,121156235,0.64,1,13006438
2019,12,121149431,15,1,13000949
2019,13,121144460,1,11,12995133
2019,1,121150294,1,1,12995134
2019,5,121150294,1.745,3,13000152
2019,1,121145716,1,1,13000154
2019,7,121145716,1,11,13005288
2019,4,121841363,7,9,13153761
2019,5,122563548,1,11,13293809
2019,2,122563597,0.5,1,13293815
2019,1,121857482,1,11,13146264
2019,1,121857565,4.599,1,13146282
2019,15,121859690,51,9,13146281
2019,15,122563569,1,11,13293812
2019,4,122563569,1,11,13293811
2019,1,122563569,1,11,13293813
2019,4,121857507,1,11,13146277
2019,2,122537702,1.31,1,13292953
2019,1,122540731,5,9,13281893
2019,1,122537711,0.6,1,13292956
2019,4,122563386,8,9,13293792
2019,1,122563422,0.62,1,13293795
2019,4,122534255,0.64,1,13287991
2019,16,122537614,22,1,13292944
2019,4,122563462,1,1,13293803
2019,1,122563462,2.599,1,13293802
2019,1,122563485,1.8,1,13293806
2019,1,122563489,1,11,13293807
2019,4,122565676,1,11,13298515
2019,1,122537588,2,1,13292943
2019,4,122537588,0.44,1,13292942
2019,4,122563631,1,11,13293823
2019,18,122537697,,,13292952
2019,15,122537697,2,9,13292951
2019,4,122537697,121,9,13292950
2019,4,122537721,0.64,1,13292959
2019,2,122537759,1,1,13292977
2019,2,122537760,1.3,1,13292978
2019,2,122537763,2.6,1,13292979
2019,2,122540898,1,1,13292980
2019,2,122537766,4.6,1,13292983
2019,1,122537767,0.7,1,13292984
2019,2,122537768,4.8,1,13292985
2019,2,122537769,16,1,13292986
2019,1,122537770,0.6,1,13292987
2019,16,122537772,0.16,1,13292989
2019,4,122563640,1,11,13293826
2019,4,122534190,12,9,13287979
2019,4,122537646,8,1,13287986
2019,5,122537646,950,3,13287985
2019,2,122537695,1.33,1,13292949
2019,2,122540723,,,13281892
2019,8,122537560,8,9,13292941
2019,2,122537724,0.2,1,13292961
2019,1,122537744,0.5,1,13292968
2019,16,122534287,0.29,1,13288008
2019,2,122537755,2,1,13292973
2019,15,122537726,,,13292962
2019,5,122563461,456.4,1,13293801
2019,5,122563383,23.17,1,13293791
2019,4,122537691,0.29,1,13292948
2019,5,122563622,122.5,1,13293822
2019,1,123876976,0.2,1,13707881
2019,15,123880635,,,13712689
2019,4,123880821,0.2,1,13712725
2019,1,123880552,0.075,1,13712679
2019,8,121857101,4,9,13146205
2019,4,123880758,,,13697785
2019,1,123876736,1,9,13707845
2019,4,123876736,2,9,13707846
2019,4,123885096,0.2,1,13697790
2019,17,123885098,,,13697792
2019,4,121857293,160,9,13146229
2019,5,121857293,114,1,13146230
2019,13,124976204,1,11,13977750
2019,15,124975842,1,11,13977607
2019,12,124975842,1,11,13982547
2019,4,124979769,4.099,1,13977667
2019,1,124979769,1,1,13977668
2019,2,124976072,1,3,13977716
2019,1,124976072,1.6,1,13977715
2019,15,124975582,1,11,13977538
2019,11,121150273,1,9,12995128
2019,13,121150273,2,9,12995127
2019,2,126005212,0.31,1,14347602
2019,1,126004827,1,1,14347514
2019,4,126004827,8.41,1,14347512
2019,16,126004827,1,11,14347513
2019,4,126004940,1,11,14347565
2019,1,126004940,1,11,14347567
2019,1,126004883,0.5,1,14347524
2019,5,126000183,0.3,1,14347541
2019,16,126000298,,,14347579
2019,1,126005218,0.3,1,14347606
2019,1,126005226,0.5,1,14347608
2019,16,126005239,1,9,14347614
2019,1,126004862,0.36,1,14347517
2019,8,126004888,1,11,14347529
2019,4,126004875,11,9,14347519
2019,4,124975305,10,9,13977480
2019,16,124975719,1,11,13977549
2019,5,124975961,85.599,1,13982578
2019,11,124975961,1,1,13982579
2019,16,124975961,1,11,13982580
2019,1,124985185,1.5,1,13982618
2019,13,124985188,1,11,13987568
2019,16,124979900,1,11,13982629
2019,4,124979900,1,11,13982628
2019,4,124976273,1,11,13977763
2019,12,124975510,0.95,1,13977504
2019,15,124984822,4,9,13982507
2019,5,124985238,0.65,1,13977753
2019,13,124985343,8,9,13987588
2019,15,124985343,1,9,13982642
2019,12,124984790,3,1,13982496
2019,12,124984838,21.6,1,13982511
2019,9,124984838,1,9,13982512
2019,4,124979635,1,11,13987482
2019,7,124985346,1,9,13987589
2019,4,124975919,1,11,13977649
2019,15,124976012,1,9,13987547
2019,2,124976012,127,1,13987546
2019,1,124985257,1,11,13977760
2019,13,124985257,1,11,13977761
2019,15,124979794,1,9,13987543
2019,8,124979794,35,9,13987542
2019,5,124985187,10,3,13987565
2019,15,124985187,1,11,13987566
2019,5,124985341,1,11,13982641
2019,1,126004923,1,1,14344330
2019,16,115477398,1,9,11221818
2019,2,115477576,140,1,11226806
2019,16,115484344,0.02,1,11210494
2019,2,115484344,0.25,1,11210492
2019,1,115642587,5,1,11271788
2019,4,115651183,1,11,11264335
2019,9,115651181,1,11,11264334
2019,13,115667735,1,1,11265884
2019,4,115667735,1,11,11265883
2019,4,115647998,1,11,11266804
2019,2,115647998,1,1,11271786
2019,1,115648072,1,1,11271802
2019,1,115651161,1,1,11266806
2019,13,115648064,1,11,11266813
2019,1,112446284,,,10683304
2019,8,112481242,7,9,10691587
2019,4,112485689,88,1,10696440
2019,1,112485689,8,1,10696442
2019,4,112481914,0.29,1,10691677
2019,12,112480704,5.1,1,10691521
2019,4,112477400,10,9,10688237
2019,4,112481923,1.4,1,10691682
2019,8,112474033,13.5,9,10691544
2019,12,112485942,4,1,10691666
2019,8,115477029,2,9,11221774
2019,2,115477835,3.5,1,11221879
2019,1,112399616,1,1,10668629
2019,4,112391447,0.64,1,10668634
2019,8,112445595,1,11,10670313
2019,13,115477286,13.289,1,11210453
2019,1,115484517,4.2,1,11210529
2019,4,115477146,1,9,11221791
2019,12,115474028,,,11210458
2019,4,115484510,0.32,1,11221867
2019,4,112481916,0.32,1,10696504
2019,1,115477252,0.06,1,11221800
2019,4,115477144,1,11,11221788
2019,2,115477144,1,11,11210440
2019,16,115477394,5,1,11210466
2019,4,115484342,1.3,1,11210491
2019,16,115484342,0.53,1,11210493
2019,8,115476998,2,9,11221771
2019,8,115473720,1,9,11210429
2019,4,115642629,2,1,11266814
2019,16,115648030,1,11,11264332
2019,12,115648030,1,11,11271791
2019,4,115648039,11.8,9,11271798
2019,2,115648039,1,9,11271799
2019,12,112445435,1,1,10683169
2019,2,112445435,1.2,1,10683168
2019,2,112445909,2,9,10683219
2019,5,112444985,0.2,1,10683037
2019,4,115473643,0.056,1,11210418
2019,1,115473544,0.95,1,11210409
2019,9,115476897,1,11,11226750
2019,4,115473717,5,9,11221776
2019,2,115473834,1,9,11221792
2019,4,115473834,5,9,11226766
2019,2,115473936,1,11,11226777
2019,4,115482384,0.72,1,11221848
2019,16,115482469,1,9,11221856
2019,4,115482156,1,9,11226788
2019,15,115482225,10,9,11226796
2019,16,115482225,10,9,11221829
2019,1,115477101,0.4,1,11221784
2019,2,115481910,1,1,11210438
2019,1,115481910,1,1,11210437
2019,13,115481910,1,11,11210436
2019,4,115473978,1,11,11221805
2019,2,115474126,2.466,1,11210467
2019,8,115474126,4,9,11210468
2019,4,115482224,10,9,11221828
2019,4,115484505,0.32,1,11210509
2019,12,115474031,0.35,1,11221810
2019,4,115477420,10,9,11210471
2019,12,115484478,1,1,11210503
2019,4,115482513,0.2,1,11226837
2019,2,115663925,5.1,1,11268137
2019,5,115648062,14,1,11264333
2019,2,115667761,1.19,1,11265886
2019,8,121149234,1,9,13000917
2019,13,121149234,2,9,13000918
2019,5,121149246,3.8,1,12995556
2019,4,121160555,6,9,12995558
2019,16,121156083,18.8,1,13000926
2019,2,121156083,158.8,1,12995561
2019,12,121160711,1,9,13006422
2019,8,121156202,2,9,12995572
2019,2,121149414,1.8,1,13000940
2019,8,121156217,2,9,12995579
2019,13,121156221,6,9,12995580
2019,1,121160785,2.5,1,12995588
2019,4,121156240,0.32,1,12995589
2019,4,121156249,0.64,1,12995590
2019,2,121156252,0.3,1,13000953
2019,4,121156253,3,9,12995593
2019,1,121156261,0.4,1,12995595
2019,1,121149456,0.6,1,13000957
2019,1,121150214,1,11,12995116
2019,11,121144449,4.49,1,12995131
2019,5,121144449,1,1,12995132
2019,3,121145709,6.4,1,13000153
2019,5,121150297,1,11,13005287
2019,4,121144535,1,11,13005289
2019,8,121160527,2,9,13006406
2019,5,121160527,2.11,3,13000919
2019,1,121160716,250,1,13006423
2019,2,121156196,2.2,1,12995570
2019,4,120230744,44,1,12761730
2019,4,120211552,0.32,1,12761751
2019,17,121160727,10,9,13006425
2019,18,121160727,,,13006426
2019,12,121160727,11,9,13006424
2019,2,121156185,1.6,1,12995569
2019,1,121149396,25,1,13006428
2019,4,121156030,0.044,1,12995554
2019,2,121149254,1,1,13000922
2019,4,121160654,44,1,13006416
2019,4,121160790,4,9,13006440
2019,2,121156153,25,1,13000932
2019,4,121149355,30,5,13000934
2019,12,121149402,1.3,1,12995573
2019,11,121149267,6,9,12995557
2019,12,121149267,5.1,1,13006407
2019,4,121160591,,,13006413
2019,4,121160652,8,9,12995565
2019,1,121849475,1.5,1,13150429
2019,15,121849475,1,11,13150430
2019,15,121849509,1,11,13150434
2019,12,121160756,10.6,1,13006429
2019,2,121160793,2,1,13006441
2019,2,121849146,0,1,13150391
2019,5,121849239,191,1,13150405
2019,16,121857226,8,1,13146222
2019,8,121849283,3,9,13150409
2019,1,121849409,1.1,1,13150422
2019,4,121849417,0.32,1,13150424
2019,16,121849527,1,11,13150436
2019,8,121849527,1,11,13150437
2019,4,121849405,0.32,1,13150420
2019,2,121857373,2.4,1,13146235
2019,5,121149296,,,13000928
2019,16,121156170,44,1,13006427
2019,8,121149406,2,9,13000938
2019,2,121149421,1.9,1,12995581
2019,5,121160777,1,9,12995585
2019,5,121849238,,,13150404
2019,11,121849311,3,9,13150414
2019,1,121849407,1,1,13150421
2019,1,121849424,0.7,1,13150425
2019,4,121160521,4.18,1,13006405
2019,4,121156091,4,9,12995562
2019,2,121160668,130,1,13006420
2019,4,121160668,44,1,13006419
2019,18,121160668,,,13006421
2019,5,121156121,4,10,12995566
2019,2,121156215,0.71,1,12995577
2019,2,121160774,11,1,13000944
2019,11,121160774,0.5,1,13000942
2019,5,121160774,6.5,1,13000943
2019,2,121160813,3.6,1,13006446
2019,2,121149461,0.33,1,13006448
2019,2,121849414,0.35,1,13150423
2019,4,121849252,0.176,1,13150406
2019,2,121849419,0.88,1,13146237
2019,1,121849495,1,11,13146257
2019,15,121849495,1,9,13146258
2019,4,121859728,1,1,13150461
2019,1,121859728,0.044,1,13150460
2019,1,121859814,0.8,1,13150465
2019,4,121149253,66,9,13000921
2019,18,121849140,,,13150390
2019,12,121849140,2,9,13150388
2019,12,121849140,0,1,13150389
2019,1,121849164,0.5,1,13150398
2019,18,121857238,,,13146224
2019,16,121857238,17.5,1,13150407
2019,2,121857238,9.7,1,13146223
2019,12,121849153,2,1,13150392
2019,12,121857105,0.5,1,13146206
2019,15,121849304,2,9,13150413
2019,8,121849331,2,9,13150415
2019,4,121849158,2,9,13150395
2019,15,123880643,1,11,13712690
2019,4,123880692,719,1,13712694
2019,5,123876794,,,13712696
2019,2,123880760,0.4,1,13712703
2019,5,123876830,6,1,13707852
2019,1,123876871,0.5,1,13712722
2019,4,123876869,0.3,1,13712721
2019,4,123876880,0.4,1,13707868
2019,1,123876884,0.5,1,13707870
2019,2,123880919,1.5,1,13712739
2019,16,121849132,1,9,13150387
2019,7,121849550,7.5,1,13150439
2019,4,121849550,1,1,13150441
2019,5,121849550,1,1,13150440
2019,1,121849565,3.849,1,13150442
2019,4,121849565,1,1,13150443
2019,1,121859631,1,11,13150455
2019,2,121149404,0.66,1,13000937
2019,12,121160768,0.9,1,13006434
2019,8,121160779,16,9,12995586
2019,2,121160784,1.6,1,13006439
2019,12,121160798,18,1,13006442
2019,2,121160808,0.36,1,13006445
2019,3,121849504,0.83,1,13150432
2019,2,121859725,202,1,13150459
2019,1,121859777,1,11,13150464
2019,4,122537706,0.61,1,13292954
2019,5,121156069,9.8,9,13000923
2019,5,121849282,1,1,13150408
2019,5,121841359,0.9,1,13153760
2019,5,121849485,50.859,1,13153762
2019,17,121156098,,,12995563
2019,13,121849225,2.5,9,13146219
2019,5,121849240,,,13146221
2019,5,121849481,7.759,1,13150431
2019,12,121841369,98.05,1,13153764
2019,2,121857168,34,1,13146218
2019,2,121857057,2.83,1,13146200
2019,2,121849161,1.2,1,13150396
2019,2,121849171,3.8,1,13146208
2019,4,121849395,0.29,1,13150417
2019,1,121849530,0.84,1,13153766
2019,4,121849247,0.14,1,13153749
2019,5,121849295,11,1,13150411
2019,4,121857383,0.32,1,13146238
2019,2,121857146,1,1,13150403
2019,5,120229672,1,9,12761588
2019,8,120229993,1,11,12772487
2019,4,120230474,8,9,12761707
2019,4,120230931,0.64,1,12761776
2019,2,120224560,1,1,12761569
2019,1,120224560,11.099,1,12761568
2019,2,120229739,1,1,12761595
2019,4,120229739,2.07,1,12761594
2019,1,120229777,187,1,12761607
2019,2,120229777,1,11,12761608
2019,2,120229726,2.049,1,12761593
2019,2,119071218,5,9,12283339
2019,1,119071352,0.5,1,12277254
2019,2,119075283,0.42,1,12279162
2019,2,119075289,0.8,1,12279166
2019,4,119071436,0.49,1,12279184
2019,4,119071457,1.6,1,12279196
2019,1,119075375,8,1,12279198
2019,2,119071493,0.5,1,12277311
2019,5,119069303,6.37,1,12277313
2019,1,119075637,1,11,12279221
2019,5,119075698,1.76,3,12279225
2019,5,119075699,1,11,12279226
2019,2,121144384,0.3,1,12995119
2019,1,121160578,1.5,1,13006411
2019,4,121160578,3.96,1,13006412
2019,8,121160587,2,6,12995559
2019,13,121156082,2,9,12995560
2019,4,121156099,2,9,13006415
2019,2,121149407,1.7,1,12995574
2019,2,121156208,0.3,1,13006432
2019,13,121145735,1,11,13000156
2019,4,121145735,1,11,13000157
2019,1,120224691,1,11,12772492
2019,13,120230204,0.23,1,12761675
2019,17,119075293,0.6,1,12279172
2019,1,119069144,240,1,12277244
2019,16,119075258,1,1,12279147
2019,12,119071414,1.2,1,12283376
2019,2,119071414,1.1,1,12279182
2019,8,119071519,1,9,12283398
2019,4,119071143,10,9,12279138
2019,4,119071184,10,9,12277230
2019,8,119069130,85,9,12277240
2019,2,119071396,0.31,1,12283371
2019,4,119075318,0.2,1,12279183
2019,8,119075137,1,9,12283330
2019,4,119071354,0.64,1,12277256
2019,2,119075281,0.3,1,12283360
2019,2,120230082,1,11,12761665
2019,4,120230084,1,11,12761666
2019,4,120230228,1,11,12761676
2019,2,119071357,0.7,1,12279151
2019,5,119069208,1.899,1,12277282
2019,4,119075351,0.45,1,12279190
2019,2,119075129,0.4,1,12279137
2019,2,119069170,0.2,1,12279155
2019,4,119069170,0.3,1,12279154
2019,4,119071373,0.32,1,12279167
2019,4,119071385,0.64,1,12283368
2019,4,119075335,0.3,1,12279186
2019,1,119075359,0.2,1,12279193
2019,4,119075257,0.4,1,12277245
2019,2,119071355,0.8,1,12283353
2019,4,119071355,0.9,1,12277258
2019,4,119071413,0.32,1,12277283
2019,4,119075342,0.3,1,12279187
2019,2,119069234,0.6,1,12277297
2019,2,119075352,0.4,1,12279191
2019,4,119075366,0.4,1,12279197
2019,2,119071480,0.4,1,12283391
2019,1,119069482,0.2,1,12279220
2019,8,119075633,1,11,12283413
2019,4,119075175,1760,9,12277228
2019,1,119071194,8,1,12279143
2019,1,119075345,155,1,12279189
2019,4,119075345,44,1,12277296
2019,4,119069241,0.54,1,12277302
2019,4,119069259,0.7,1,12277307
2019,4,119075384,0.6,1,12279200
2019,2,119069274,0.5,1,12277309
2019,2,119075410,0.4,1,12277312
2019,4,119075416,0.7,1,12279204
2019,4,119075687,1,11,12279223
2019,1,119075687,1,11,12279224
2019,2,119071801,0.01,1,12283415
2019,13,119075706,1,11,12279230
2019,4,120211379,1,11,12762920
2019,13,120230179,0.25,1,12762932
2019,1,120230194,2.439,1,12761672
2019,2,120230282,1,11,12761684
2019,17,120230416,25,9,12761703
2019,2,120230476,38.7,1,12761708
2019,16,120211510,76,1,12761722
2019,5,120230771,84,1,12761731
2019,4,120230883,0.54,1,12761748
2019,4,120230885,1.6,1,12761750
2019,4,120211556,9.6,1,12761758
2019,8,119069430,1,11,12277324
2019,16,119075556,1,9,12279216
2019,4,119075584,3,9,12279218
2019,5,119071699,8,10,12283404
2019,16,120230081,1,11,12761664
2019,15,120211452,1,11,12762937
2019,4,120230840,1,9,12761740
2019,4,120230906,0.54,1,12761764
2019,4,119075261,1,9,12277246
2019,2,119075333,0.5,1,12279185
2019,2,119071459,1,1,12283384
2019,8,119075377,2,9,12279199
2019,12,119075533,6.36,1,12279210
2019,5,120229579,243,1,12761574
2019,8,120211405,1,11,12761668
2019,12,120230491,0.8,1,12761710
2019,4,120230581,1,9,12761719
2019,2,120230956,4.8,1,12761785
2019,2,120224687,3.97,1,12772491
2019,8,120230193,1,11,12761671
2019,2,120230652,2,1,12772495
2019,4,120230772,682,1,12761732
2019,8,120230772,32,9,12761734
2019,1,120230772,300,1,12761733
2019,1,120211539,4,1,12761737
2019,2,120211539,230,1,12761736
2019,4,120230886,0.64,1,12772496
2019,4,120230902,0.3,1,12761760
2019,2,120230910,0.38,1,12761766
2019,4,120230912,5.02,1,12761768
2019,4,120230919,0.64,1,12762952
2019,4,120230920,0.32,1,12761770
2019,2,120230951,1,1,12761784
2019,4,120230090,1,11,12761667
2019,4,120230490,4,9,12761709
2019,8,120230502,101,9,12762943
2019,5,120230502,88,1,12761711
2019,4,120211492,,,12762946
2019,5,120211495,,,12762947
2019,4,120211502,20,9,12761716
2019,12,120211502,9,9,12761718
2019,13,120211502,17,9,12761717
2019,4,120230904,0.32,1,12761762
2019,4,120224570,1,11,12761572
2019,2,120224570,89.04,1,12761571
2019,5,120230307,,,12761691
2019,16,120230642,132,1,12761728
2019,4,120230889,0.5,1,12761753
2019,5,120230001,0.01,3,12761652
2019,2,120230924,0.27,1,12761775
2019,8,120230411,2,9,12761702
2019,4,120230195,1,11,12761674
2019,1,120230195,25,1,12761673
2019,1,120230290,0.8,1,12761685
2019,4,120230346,6,1,12761697
2019,2,120230346,1,1,12761698
2019,5,120230348,1,3,12761701
2019,13,120230348,1,11,12761699
2019,11,120230348,1,1,12761700
2019,4,120230063,1,11,12761661
2019,3,120230291,1,11,12761687
2019,5,120230291,1,11,12761686
2019,4,120230450,10,9,12762942
2019,4,120230911,0.32,1,12761767
2019,8,120230830,3,9,12761738
2019,4,120230830,176,1,12761739
2019,8,120230030,1,11,12761657
2019,4,120230157,1,11,12761670
2019,9,120230271,76,9,12761683
2019,4,120230504,2,9,12762944
2019,1,120230541,1,1,12761713
2019,4,120230541,1,9,12761714
2019,1,120230608,1,9,12761724
2019,4,120230608,1,9,12761723
2019,4,120230626,0.09,1,12761726
2019,2,120230626,0.1,1,12761725
2019,4,120230878,0.3,1,12761744
2019,4,120211554,,,12761755
2019,4,120211555,0.32,1,12761757
2019,1,120230905,3,1,12761763
2019,2,120230921,20,1,12761771
2019,8,120230921,15,9,12761773
2019,4,120230921,0.22,1,12761772
2019,1,120230939,2.6,1,12761780
2019,2,120230943,0.3,1,12761781
2019,2,120230949,1,9,12761783
2019,16,120230975,9,1,12761786
2019,4,120229818,1,11,12761618
2019,4,120230160,1,11,12762930
2019,1,120230160,1,1,12762931
2019,4,120230525,24,9,12761712
2019,4,120211471,0.5,1,12762941
2019,1,120230630,1,1,12761727
2019,16,124975351,40,9,13987473
2019,5,124975547,2,9,13977525
2019,4,124979637,1,9,13987484
2019,2,124979637,823.32,1,13977540
2019,8,124979637,1,1,13987485
2019,1,124976065,0.5,1,13977713
2019,8,124976080,1,11,13977718
2019,13,124976080,1,9,13977719
2019,5,124976089,48,1,13977721
2019,13,124979820,1,11,13977725
2019,1,124979836,0.5,1,13987561
2019,5,124985251,1,1,13982634
2019,4,124979929,1,11,13982636
2019,2,124976363,1,1,13982645
2019,4,116049678,8.8,1,11397287
2019,4,116054226,110,1,11402257
2019,1,116054269,8,1,11397292
2019,4,116054391,0.32,1,11397296
2019,4,116049860,1.5,1,11397316
2019,16,116049890,1,11,11402303
2019,4,116049890,1,1,11402304
2019,2,116049890,19.301,1,11402302
2019,2,116050040,1,11,11397326
2019,1,116050040,1,1,11397327
2019,4,116050097,16,9,11397333
2019,5,116050097,1,10,11402329
2019,4,116054696,1,11,11402334
2019,5,112485399,4,9,10696402
2019,16,112485399,19,9,10688230
2019,1,112486009,2.9,1,10691680
2019,8,116044194,0.1,1,11402253
2019,2,116044194,3.6,1,11402252
2019,4,116054266,88,1,11402260
2019,1,116054266,4,1,11402261
2019,4,116054339,8,9,11402270
2019,2,116054339,1,9,11402269
2019,4,116054406,0.32,1,11397312
2019,2,116054408,0.4,1,11402292
2019,5,116049943,0.5,1,11397322
2019,4,116054629,1,11,11402317
2019,2,116050039,0.5,1,11402318
2019,2,116054742,1,11,11397339
2019,1,116054824,1,11,11402346
2019,5,116050294,1,11,11402353
2019,13,116054879,21.6,1,11402354
2019,5,112439511,,,10680973
2019,4,112432384,10,9,10670043
2019,13,112441145,1,1,10686362
2019,5,112441145,90,1,10686361
2019,4,124975856,161.5,1,13977611
2019,1,124975856,1,1,13977612
2019,1,124979784,43.399,1,13987540
2019,8,124976131,2,9,13977735
2019,5,124984981,44.82,1,13982519
2019,15,124979781,1,11,13987536
2019,8,124979781,1,11,13987537
2019,4,116049514,,,11397280
2019,8,116044151,2,9,11402250
2019,1,116049566,4.3,1,11397282
2019,4,116049566,14,9,11397281
2019,8,116049566,5,9,11397283
2019,11,116054209,10,1,11402255
2019,4,116054221,1.32,1,11402256
2019,8,116054282,5,9,11402265
2019,4,116054282,1012,9,11402266
2019,13,116049805,11,1,11397294
2019,2,116049835,0.5,1,11397305
2019,2,116049838,0.9,1,11397308
2019,8,116054436,1,9,11402297
2019,1,116054455,0.56,1,11402299
2019,5,116049880,3.899,3,11397317
2019,1,124976112,2.399,1,13977733
2019,4,124976112,1,1,13977734
2019,4,124976253,1,11,13977759
2019,1,124976270,0.6,1,13982637
2019,16,112433983,1,9,10670379
2019,15,115651160,1,11,11271790
2019,4,115651160,11.9,1,11271789
2019,2,115663928,1.3,1,11268140
2019,11,115667721,7.9,8,11265876
2019,13,115667721,1,11,11268114
2019,5,115657878,3,3,11272881
2019,2,112476668,2.3,1,10688125
2019,5,112476668,6.3,1,10688124
2019,4,115477284,1,11,11221804
2019,8,115482557,9,9,11210542
2019,2,115648036,0.45,1,11271795
2019,2,115482507,0.4,1,11210531
2019,1,115477838,1,1,11221883
2019,5,115473833,1,3,11210441
2019,5,115481955,2,1,11226767
2019,5,115482187,8.05,4,11226792
2019,11,115482187,20,9,11226793
2019,1,115482230,212,1,11226797
2019,2,115484520,4.3,1,11210530
2019,16,115648066,1,11,11271801
2019,16,115477321,120,7,11221808
2019,1,115484550,0.5,1,11221884
2019,5,115667627,5,4,11268111
2019,4,115667732,1,11,11265879
2019,13,115667732,1,1,11265881
2019,15,115667732,1,11,11265880
2019,2,115473825,1,11,11221787
2019,13,115482051,1,1,11226782
2019,4,115473976,1,11,11210452
2019,4,115477443,2,9,11221824
2019,2,115473443,1,1,11221751
2019,4,115481780,1,11,11226754
2019,2,115482496,1.6,1,11226821
2019,8,115484536,1,9,11226842
2019,4,115663872,88,1,11268130
2019,2,115667911,1,1,11265900
2019,16,115667925,1.6,1,11268139
2019,4,115667857,462,1,11268132
2019,4,115667815,10,9,11265891
2019,12,115667954,0.8,1,11265924
2019,8,115642614,21,9,11266812
2019,2,115667763,,,11268116
2019,10,115667775,4.5,9,11265887
2019,4,115667927,0.32,1,11265904
2019,4,115667940,0.32,1,11268147
2019,5,115481975,701.7,1,11210448
2019,11,115481975,1,1,11226770
2019,2,115482497,0.6,1,11226822
2019,5,112433967,0.5,3,10670374
2019,13,112446420,10,9,10683324
2019,2,112446450,0.36,1,10670385
2019,1,112399853,1,11,10675450
2019,13,112400608,1,11,10675570
2019,5,112440167,2.85,3,10681104
2019,8,112441374,1,9,10686396
2019,4,112434010,0.4,1,10683345
2019,9,112481669,2,9,10691647
2019,1,112481913,2.9,1,10691676
2019,5,112480784,1,1,10691533
2019,2,112432730,9,1,10670122
2019,4,112446444,0.35,1,10683330
2019,8,112473765,5,9,10686169
2019,5,112480792,3.5,1,10691534
2019,2,112481852,,,10691662
2019,5,112485940,13.6,3,10696473
2019,1,112481915,2.8,1,10691678
2019,4,121849163,5,9,13150397
2019,2,121849287,2.5,1,13150410
2019,13,112476310,1,11,10688061
2019,1,116050398,2,1,11397372
2019,4,116050398,24,1,11397371
2019,4,116049699,8,1,11397290
2019,8,116050073,1,9,11397330
2019,5,116054953,1,1,11402367
2019,1,124976282,0.5,1,13987585
2019,8,124979962,1,11,13987587
2019,16,121857112,1,9,13146209
2019,11,121857269,2,9,13146228
2019,4,121857097,,,13146204
2019,15,121857107,0.002,1,13150399
2019,2,121857150,14,1,13146217
2019,11,121857261,2,9,13146227
2019,5,124979630,5.03,1,13987481
2019,4,124976266,1,11,13977762
2019,5,124975422,,,13977497
2019,1,124979667,1,11,13987488
2019,4,124979770,1,9,13982588
2019,13,124985183,1,11,13982617
2019,5,124979859,32,3,13987571
2019,13,124976177,1,11,13977746
2019,16,124976189,1,11,13977747
2019,4,124985250,1.1,1,13982633
2019,16,124985384,1,11,13977777
2019,4,124985384,1,11,13982648
2019,15,124985384,1,11,13987593
2019,12,122534215,8.72,2,13287983
2019,2,122534269,1.6,1,13288001
2019,2,122534271,0.44,1,13288003
2019,1,122537733,0.5,1,13292964
2019,8,122569787,1,11,13293820
2019,4,122569787,1,11,13298516
2019,4,122534281,0.22,1,13288005
2019,8,122537751,1,9,13292971
2019,8,122537549,17,9,13292940
2019,13,122537549,1,9,13287981
2019,2,122537549,2.5,1,13287980
2019,4,122534259,0.45,1,13287996
2019,4,122537653,,,13292946
2019,4,122534244,50,9,13292947
2019,2,122534251,8,1,13287987
2019,8,122534251,9,9,13287988
2019,2,122540839,0.64,1,13281902
2019,1,121857635,0.5,1,13146288
2019,12,122537536,0.5,1,13292937
2019,5,122537536,0.1,7,13292938
2019,4,122537536,7,9,13292936
2019,16,122534219,0.13,1,13281895
2019,4,122534283,0.42,1,13288006
2019,4,122534288,0.01,1,13288009
2019,4,122534289,,,13288010
2019,4,122534299,0.32,1,13288012
2019,2,122534301,3.53,1,13288014
2019,8,122569760,1,9,13303357
2019,1,122565517,1,1,13298496
2019,5,122569703,1,11,13303347
2019,4,122540728,,,13292939
2019,1,122534256,1.3,1,13287992
2019,2,122534264,1,1,13287999
2019,1,122537723,8,1,13292960
2019,8,121849128,22,9,13150386
2019,7,121849128,42,9,13150385
2019,8,121857317,2,1,13146231
2019,4,121857363,32,1,13146233
2019,5,121857121,3.67,3,13146212
2019,16,121857073,5,9,13150394
2019,12,121857073,0,1,13150393
2019,16,121857184,1,9,13146220
2019,5,121849355,4.6,1,13146232
2019,5,121849367,482.2,1,13150416
2019,4,124975306,10,9,13977481
2019,8,124984750,13,9,13982483
2019,2,124984750,0.01,1,13982482
2019,8,124984938,47,9,13982515
2019,4,124985116,1,11,13977677
2019,2,112441446,0.03,1,10686406
2019,4,112446396,2,9,10683319
2019,4,112446446,0.64,1,10683331
2019,5,112476803,3,4,10688144
2019,12,112394499,15,9,10679212
2019,1,112441746,0.4,1,10670392
2019,1,115663739,0.5,1,11265873
2019,4,115657644,1,11,11272851
2019,4,115667698,0.91,1,11272852
2019,5,115667707,1,11,11265874
2019,1,115657662,0.6,1,11265875
2019,4,115657682,1,11,11265882
2019,5,115657735,,,11272861
2019,16,115663834,14,9,11268122
2019,2,115667842,3,1,11265892
2019,5,115667856,121,3,11265893
2019,4,115667898,0.01,1,11265899
2019,4,115667932,1.1,1,11272872
2019,16,115667935,2.9,1,11265909
2019,2,115667935,1.8,1,11265912
2019,2,115667946,1.6,1,11265922
2019,4,115476733,1,11,11221744
2019,2,115473435,5.099,1,11226735
2019,4,115473438,1,11,11221748
2019,4,112441140,2,1,10686360
2019,5,112394323,2,10,10679187
2019,5,112394323,96,1,10679188
2019,4,112441005,1,11,10686339
2019,5,112441005,1,11,10686338
2019,4,112446457,0.64,1,10683340
2019,4,112485923,3,9,10688263
2019,16,112485923,1,9,10688264
2019,4,112477744,0.7,1,10691681
2019,4,112477527,968,1,10691654
2019,2,112441370,,,10686393
2019,4,112441737,0.54,1,10686454
2019,2,112391434,0.39,1,10668627
2019,2,112434012,0.47,1,10670391
2019,2,112390805,,,10668533
2019,16,112444454,1,11,10682858
2019,4,112481918,0.64,1,10696506
2019,1,115473448,0.13,1,11210399
2019,8,115481791,,,11226756
2019,8,115473909,1,11,11210449
2019,8,115474124,13,9,11221817
2019,2,115474121,0.9,1,11221816
2019,4,115474162,,,11210474
2019,2,115477481,2,1,11221830
2019,2,115484214,3,9,11210481
2019,4,112391981,1,11,10668726
2019,4,112433440,1,11,10670300
2019,4,112433694,1,1,10670320
2019,15,112391050,19,9,10668553
2019,1,112438677,0.5,1,10681001
2019,5,112433539,40.1,1,10670312
2019,4,112391441,0.32,1,10675407
2019,12,112439540,0.09,1,10680976
2019,4,115663824,3,9,11272860
2019,2,115667794,1,11,11265889
2019,4,115667794,1,11,11268120
2019,12,115663845,,,11268129
2019,4,115663905,0.1,1,11265895
2019,1,115663905,1.1,1,11265896
2019,16,115663905,0.01,1,11272865
2019,4,115667892,0.22,1,11265898
2019,5,115663923,2.4,1,11268136
2019,2,115667922,2.7,1,11265901
2019,2,115667924,1.6,1,11272869
2019,1,115663933,0.9,1,11268145
2019,1,115667941,0.4,1,11265917
2019,4,115663937,0.32,1,11268151
2019,1,115663961,0.8,1,11268154
2019,2,115657904,4.3,1,11268153
2019,5,115477543,157,4,11226804
2019,8,115477562,1,9,11221837
2019,2,115477672,1,1,11221849
2019,2,115484504,2.6,1,11210508
2019,2,115482537,10,1,11221885
2019,15,115473433,1,11,11221745
2019,1,115473532,1.649,1,11210405
2019,4,115476961,2,9,11221766
2019,1,115476961,4,9,11221765
2019,2,115473830,1,11,11210439
2019,4,115473846,1,11,11221793
2019,8,115482200,,,11226794
2019,2,115482421,0.98,1,11210496
2019,1,112391432,1,1,10679247
2019,5,112433169,116.5,1,10670228
2019,15,112433169,1,11,10670229
2019,12,112433891,,,10670357
2019,1,112441743,0.5,1,10670390
2019,13,112473768,9,9,10688076
2019,4,112486013,0.8,1,10696507
2019,4,112485966,2,9,10696478
2019,4,123880605,500,9,13712685
2019,2,123885090,4.7,1,13697787
2019,2,123876625,0.54,1,13697780
2019,5,115482243,1,9,11226798
2019,1,115477822,0.8,1,11226819
2019,4,115473447,6.659,1,11210397
2019,1,115473447,1,1,11210398
2019,4,115481916,40,9,11226765
2019,5,115477448,,,11221825
2019,2,115482512,0.8,1,11226834
2019,5,115476958,,,11226757
2019,2,115477821,0.6,1,11221862
2019,5,120229969,2.399,3,12761642
2019,5,120211298,1,11,12762905
2019,4,120211363,2,9,12762918
2019,5,120211407,3.5,3,12762927
2019,5,120211326,0.06,3,12762907
2019,4,120230248,1,11,12761679
2019,4,120211506,22,9,12772494
2019,2,119069175,0.3,1,12277267
2019,4,119075298,0.26,1,12279175
2019,2,119071450,0.4,1,12279192
2019,16,119071722,1,11,12283411
2019,1,119071722,4.599,1,12283410
2019,4,119071151,100,9,12279139
2019,2,119068965,4.8,1,12277232
2019,16,119069033,66,1,12279146
2019,16,119069112,110,1,12277239
2019,2,119069194,0.1,1,12277276
2019,4,119069203,0.32,1,12283375
2019,4,119069253,0.32,1,12277305
2019,4,119071466,0.32,1,12283387
2019,13,120211308,1,9,12762906
2019,4,120211308,6,9,12761635
2019,2,119071437,2.6,1,12283380
2019,2,119069257,2.9,1,12277306
2019,2,119069268,0.04,1,12277308
2019,12,119071615,0.47,1,12283400
2019,5,119069431,853.208,1,12277325
2019,13,121150230,1,9,13005284
2019,1,121144378,0.1,1,12995118
2019,1,121145662,1,1,12995122
2019,12,121156231,4.5,1,12995583
2019,8,121160778,2,9,13006437
2019,4,121160807,66,1,13000954
2019,2,121160807,8,1,13006444
2019,2,121149448,3.7,1,12995596
2019,4,120211352,1,11,12762914
2019,13,120211383,1,11,12762921
2019,12,121156161,2.31,1,12995568
2019,4,121857368,1.1,1,13153752
2019,4,121841259,0.8,1,13146214
2019,1,121841335,20,1,13153755
2019,4,121841335,60,1,13153754
2019,17,121849425,1,9,13150426
2019,8,119069145,1,9,12283347
2019,2,119071386,0.6,1,12283369
2019,2,119069207,0.98,1,12277281
2019,4,119069168,0.32,1,12277264
2019,2,119075308,0.6,1,12283374
2019,4,119075329,0.4,1,12277290
2019,4,119069243,3,1,12279194
2019,4,119068888,8,9,12283331
2019,2,121150195,1,1,12995112
2019,2,121160709,0.34,1,13000933
2019,2,121145492,1,3,12995087
2019,1,121145492,9.62,1,12995086
2019,1,121150151,0.2,1,12995093
2019,16,121144263,1,11,12995111
2019,13,121144263,1,11,13000143
2019,15,121144263,1,11,12995110
2019,13,121144181,1,11,12995089
2019,4,121145534,1,11,13000128
2019,4,121150178,1,11,13000139
2019,8,121149271,19,9,13006410
2019,5,121160655,6,10,13006417
2019,12,121149426,4,1,12995584
2019,1,121149427,3,9,13000948
2019,8,121149427,2,9,13000947
2019,2,121160801,0.4,9,13006443
2019,4,121149460,0.22,1,13000958
2019,16,121145608,1,11,13000145
2019,2,121149415,0.26,1,13000941
2019,12,121149423,3.8,1,13000946
2019,4,121149436,0.64,1,13000951
2019,1,121145578,0.4,1,13000136
2019,4,112484741,3,9,10696302
2019,1,112476368,0.5,1,10688080
2019,8,112484240,60,9,10686223
2019,1,121144204,1,11,12995097
2019,15,121145559,1,11,12995103
2019,4,121144204,1,11,12995098
2019,11,121145581,14.769,1,12995106
2019,5,121145590,1,3,13005282
2019,15,121145590,1,11,12995108
2019,4,121144368,1,11,13005285
2019,16,121144368,1,11,12995117
2019,18,119075264,,,12283349
2019,8,119075264,2,9,12277250
2019,15,119075264,1,9,12277251
2019,2,119071366,1.3,1,12283358
2019,2,119075285,0.5,1,12279165
2019,1,119075211,8,1,12279144
2019,2,119071486,0.3,1,12283392
2019,4,119071683,1,11,12283403
2019,16,119069011,2.96,1,12277235
2019,4,119069218,0.25,1,12277288
2019,1,119071455,4,1,12283383
2019,4,119071455,1.5,1,12279195
2019,2,119069458,0.9,1,12283405
2019,16,119071756,1,9,12283414
2019,17,119069048,1,9,12283343
2019,2,119069184,0.2,1,12279173
2019,4,119071328,51.1,1,12283346
2019,1,119071328,159.5,1,12283345
2019,2,119069227,0.5,1,12277292
2019,1,119071503,24,1,12283397
2019,2,119071388,0.36,1,12283370
2019,1,119071606,1,11,12279206
2019,2,119071620,1,1,12277321
2019,1,119071645,1,11,12283401
2019,8,119071645,1,11,12283402
2019,1,119075103,2,9,12279135
2019,1,119068893,1,1,12279140
2019,1,119068952,43,1,12277229
2019,4,119068952,8,9,12283337
2019,1,119069052,1,1,12283344
2019,2,119069199,0.9,1,12277280
2019,4,119069216,0.2,1,12277286
2019,4,119071424,0.3,1,12283378
2019,12,119071434,21,1,12283379
2019,16,119071487,1,9,12283393
2019,4,119075405,0.58,1,12279203
2019,1,119075439,0.01,1,12277317
2019,2,119069163,0.7,1,12277257
2019,4,119075597,1,11,12279219
2019,8,119071120,1,9,12283329
2019,1,119075312,0.1,1,12279179
2019,5,119069375,1,11,12277320
2019,4,119069167,0.4,1,12277262
2019,16,119071403,0.3,1,12283372
2019,2,119069161,0.51,1,12277255
2019,4,119071361,0.19,1,12277263
2019,4,119071445,1.8,1,12283382
2019,4,119071395,0,1,12277275
2019,12,119071395,0,1,12277274
2019,2,119071395,0,1,12279176
2019,4,119071479,0.5,1,12283390
2019,4,119075550,1,11,12279215
2019,8,117119999,0.7,1,11693106
2019,4,116054242,66,1,11397288
2019,1,116054242,8,1,11397289
2019,16,116050384,,,11397368
2019,15,116054910,1,11,11397358
2019,4,116054676,120.77,1,11402327
2019,1,116054676,1,1,11402328
2019,4,116054513,1.98,1,11397321
2019,16,116049608,14.3,9,11402251
2019,4,116049836,0.5,1,11397306
2019,4,116054411,0.32,1,11402293
2019,5,116050297,8,1,11397354
2019,16,116050390,,,11397369
2019,2,116044110,0.02,1,11397279
2019,1,116050344,6.91,1,11397359
2019,1,116054267,500,1,11402263
2019,16,116054267,47,9,11402264
2019,15,116054267,17,9,11402262
2019,8,116054364,1,9,11397293
2019,2,116054401,0.7,1,11402286
2019,1,116050007,0.54,1,11402311
2019,4,116050317,1,11,11402356
2019,4,116050359,11.899,1,11402362
2019,2,116050359,1,1,11402363
2019,4,116054699,1,11,11397335
2019,1,116050212,116.2,1,11402342
2019,1,117115057,4.2,1,11689412
2019,4,117119822,26,9,11689419
2019,5,117115333,2,1,11689430
2019,13,117111713,1,11,11697636
2019,4,117115401,1,11,11689440
2019,5,117111760,1,11,11693111
2019,4,116054390,0.5,1,11402273
2019,15,116050056,1,11,11397329
2019,8,116050052,1,9,11402319
2019,4,115657851,0.2,1,11265905
2019,16,115657853,1.3,1,11272874
2019,4,115667797,3.894,1,11268121
2019,1,115663908,1,1,11265897
2019,2,115663904,0.1,8,11268134
2019,4,115663713,10.12,1,11272847
2019,2,115663713,1,1,11265871
2019,15,115657679,1,11,11268115
2019,4,115663904,0.47,1,11268135
2019,1,115648038,1,1,11271797
2019,8,115648038,1.5,9,11271796
2019,1,124975861,0.059,1,13977614
2019,12,124979754,14.009,1,13987518
2019,8,124985127,1,11,13977688
2019,15,124985127,1,11,13982593
2019,4,124979827,37.129,1,13987556
2019,1,124979827,1,1,13987557
2019,5,124976118,2,1,13982611
2019,1,124979831,0.5,1,13982614
2019,1,117120185,63,1,11693122
2019,4,117111704,0.22,1,11697634
2019,1,117119990,0.5,1,11693104
2019,5,121144160,84,1,12995088
2019,8,121145673,12,9,12995126
2019,1,117120083,1,1,11697639
2019,4,117115533,9,9,11689454
2019,5,117115553,7.7,1,11689455
2019,8,116530179,1.14,1,11520210
2019,4,116534792,1,11,11532514
2019,4,116519159,,,11532521
2019,2,116534829,14,1,11532522
2019,4,116534893,6,9,11532529
2019,1,116534893,2,9,11532530
2019,4,116534893,5,1,11520199
2019,4,116534658,1,11,11520170
2019,1,117111513,1.459,1,11697620
2019,8,117120084,11,9,11693114
2019,1,117120084,10.5,1,11693113
2019,4,117120084,961,9,11693115
2019,13,117120143,11,9,11693121
2019,4,117111924,242,9,11689458
2019,2,117111924,2,1,11697643
2019,1,117111946,0.2,1,11697646
2019,1,116529917,1,11,11524639
2019,5,116529917,1,1,11520189
2019,4,116534996,22,1,11520212
2019,2,116519439,1,9,11524662
2019,1,123880786,0.5,1,13707860
2019,8,116530160,1,9,11524657
2019,18,116530160,,,11520208
2019,16,116530160,1673,1,11524658
2019,8,116535050,1,9,11532543
2019,2,116530253,0.6,1,11520224
2019,4,116519489,0.7,1,11524680
2019,1,116519489,0.7,1,11532563
2019,4,123885106,0.3,1,13697795
2019,4,123876948,1.76,1,13707880
2019,8,123885209,14,9,13697810
2019,16,123885209,1,9,13697811
2019,4,117115322,1,11,11689428
2019,13,117120090,6,9,11693116
2019,4,117111966,1,11,11697651
2019,1,116529729,1,11,11520153
2019,4,116529729,1,11,11524598
2019,8,117111477,0.031,1,11689414
2019,13,117111569,1,11,11697623
2019,4,117119820,170,9,11697624
2019,12,117119820,1,9,11693094
2019,1,117111628,0.3,1,11697627
2019,8,117120018,1,11,11693110
2019,16,117111977,0.1,1,11693124
2019,1,116529855,0.4,1,11532500
2019,1,116534919,1.25,3,11520203
2019,1,116534775,2,1,11532511
2019,4,116534775,1,1,11532512
2019,16,116534911,37,9,11524649
2019,1,116534911,4.9,1,11520202
2019,5,116534828,0.5,1,11524645
2019,13,116529992,0.47,1,11520195
2019,1,116534615,1,1,11532482
2019,16,116529802,8,9,11532489
2019,2,116529802,1,1,11532490
2019,4,116529802,1,1,11532491
2019,1,117115575,5400,1,11697647
2019,18,117115575,,,11697649
2019,8,117115575,2,9,11697648
2019,12,117120300,1,1,11697655
2019,1,124975747,1,1,13977560
2019,4,124975747,9.529,1,13977559
2019,13,124975747,1,11,13977561
2019,2,124975793,0.8,1,13987503
2019,2,124975809,1,1,13977592
2019,12,124975809,1.199,1,13977591
2019,4,112391440,0.64,1,10668630
2019,12,112400127,1.8,1,10675484
2019,4,112477728,0.64,1,10688274
2019,8,121841297,22,1,13153751
2019,2,121841297,1700,1,13153750
2019,1,121857243,3,1,13146225
2019,16,121841304,15,9,13150412
2019,2,121857375,25,1,13153753
2019,13,121841347,1,11,13153756
2019,15,121841439,1,11,13153772
2019,16,121841439,1,1,13153773
2019,8,121841496,1,11,13153779
2019,4,112446003,1,1,10686409
2019,2,112434009,0.87,1,10670389
2019,4,112446475,0.32,1,10683350
2019,15,112476498,1,11,10688102
2019,2,112485290,0.01,1,10691633
2019,15,116050395,13,9,11397370
2019,5,116050395,2.5,1,11402368
2019,1,116049700,8,1,11397291
2019,12,116054341,7.3,1,11402271
2019,1,116054925,0.7,1,11402360
2019,4,116050361,1,11,11397362
2019,1,116049875,2,1,11402298
2019,4,116054906,0.2,1,11397357
2019,15,116054888,1,11,11397355
2019,2,116044181,0.5,1,11397286
2019,16,116044181,35,9,11397285
2019,1,116054493,0.1,1,11402306
2019,1,116050074,0.4,1,11397331
2019,8,116054839,1,11,11397352
2019,2,119075126,0.4,1,12279136
2019,1,119068976,2,1,12277233
2019,5,119069006,,,12277234
2019,16,119071235,0.07,1,12283342
2019,2,119071235,52,1,12283341
2019,1,119071235,41,1,12283340
2019,17,119069096,2,9,12277238
2019,4,119075246,1,9,12277241
2019,12,119069138,1,11,12277243
2019,4,119071360,2.7,1,12283354
2019,4,119075279,0.32,1,12283359
2019,2,119075294,0.2,1,12279174
2019,11,119071383,1,1,12283366
2019,5,119071383,356.2,1,12283365
2019,2,119071462,0.41,1,12283386
2019,2,119071473,0.43,1,12283388
2019,1,119069308,0.4,1,12277314
2019,1,119075423,83.2,1,12279205
2019,1,119069392,1.439,1,12277322
2019,4,119069392,1,9,12277323
2019,4,119069446,2560,9,12277326
2019,4,116050356,1,1,11397360
2019,1,116050356,6.81,1,11402361
2019,17,115663842,6,9,11268128
2019,1,115663842,67.63,1,11268126
2019,16,115663842,32.74,1,11268127
2019,4,116054400,0.64,1,11402284
2019,4,116049987,1,11,11402309
2019,2,116049987,2,9,11402308
2019,8,116054855,1,11,11397353
2019,8,116050307,1,9,11402355
2019,1,115657748,3,1,11268123
2019,4,115657695,1,9,11272857
2019,5,115663835,45,1,11268124
2019,4,115663835,7,9,11272862
2019,1,115663772,13,1,11268113
2019,4,117115458,,,11689448
2019,1,117111639,0.5,1,11693097
2019,8,116519312,4,9,11524652
2019,1,116518963,0.3,1,11524622
2019,1,117119731,1,11,11693086
2019,15,117119731,11.539,1,11689409
2019,4,117119731,1,11,11693085
2019,4,117119888,1,11,11693098
2019,5,117119906,29.8,1,11689426
2019,4,117115341,1,1,11689433
2019,1,117115341,293.5,1,11689432
2019,15,117115341,1,11,11689434
2019,4,116534807,1,11,11532517
2019,1,116534807,20.559,1,11532516
2019,1,116529979,5.9,3,11520193
2019,2,116529979,1,3,11520194
2019,5,116529993,1,11,11520196
2019,5,116519425,9,1,11524661
2019,4,116530243,0.64,1,11520216
2019,16,116519351,3.6,1,11532539
2019,5,116534986,2,1,11532540
2019,4,116519454,0.64,1,11524672
2019,4,116519475,0.64,1,11524678
2019,15,116518965,1,11,11524623
2019,1,116519367,16,1,11524659
2019,16,116519367,8,1,11532541
2019,12,116534634,6.7,1,11520168
2019,1,116534953,8500,1,11524653
2019,16,116534953,583,1,11524655
2019,16,116534953,64,9,11524654
2019,2,116535089,1.4,1,11524670
2019,4,116535095,0.64,1,11532555
2019,2,116519464,0.29,1,11532560
2019,12,116530254,0.7,1,11520225
2019,8,116534838,1,11,11532523
2019,16,116534930,14,1,11532534
2019,4,116530246,0.32,1,11520219
2019,4,121144406,1,11,12995124
2019,2,121144444,1,11,12995130
2019,1,121144505,1,1,12995136
2019,4,121144505,188.87,9,13000155
2019,12,120230594,3.3,1,12761721
2019,4,120230594,1.47,1,12761720
2019,2,116519449,0.5,1,11532550
2019,2,116530182,0.1,1,11520211
2019,5,116519398,0.23,1,11524660
2019,4,116519014,1,11,11524629
2019,1,116519014,1,11,11532501
2019,2,116519453,0.4,1,11532553
2019,1,124979730,79.5,1,13977579
2019,8,124979833,1,9,13987560
2019,4,124975326,3750,9,13977483
2019,4,124975326,1,1,13977484
2019,18,124975326,,,13977485
2019,1,124984867,2.379,1,13982514
2019,1,124975941,2.1,1,13982562
2019,1,124976026,758.899,1,13987548
2019,4,117120005,1,11,11693107
2019,1,117120013,1,11,11693108
2019,5,117115301,1,1,11697628
2019,5,116044197,15,10,11402254
2019,1,116054260,210,1,11402258
2019,8,116054260,1,9,11402259
2019,4,116049834,0.384,1,11397304
2019,15,116049858,,,11402296
2019,5,116049942,0.65,1,11402307
2019,4,116049959,1,11,11397324
2019,4,116054940,0.4,1,11402365
2019,8,116050379,17,9,11397365
2019,3,116054947,,,11402366
2019,1,121145565,1.399,1,13000134
2019,1,121144124,0.24,1,12995085
2019,5,115668001,2,9,11265928
2019,2,115657905,0.4,1,11272882
2019,2,120229719,0.49,1,12761591
2019,1,115663821,0.6,1,11268119
2019,16,115657763,2,9,11272863
2019,1,115667888,0.5,1,11272866
2019,2,115663927,3,1,11272870
2019,2,115657854,1.1,1,11268146
2019,5,115668009,2.15,3,11265929
2019,4,115657683,1,11,11272855
2019,1,115657730,1,1,11272859
2019,16,115667930,0.4,1,11265907
2019,2,115667756,,,11265885
2019,4,115657749,74,1,11265890
2019,1,115657749,50.5,1,11268125
2019,15,115663876,3,9,11268131
2019,2,115663926,3.1,1,11268138
2019,1,115667644,0.26,1,11265870
2019,5,122565698,1,11,13298520
2019,13,122569652,1,9,13303340
2019,13,122565401,2,9,13298470
2019,1,122565518,1,11,13298497
2019,12,122565616,0.6,1,13298508
2019,5,122563603,46,1,13293817
2019,16,122563603,1,11,13293819
2019,3,122563603,1,11,13293818
2019,4,122565397,1,11,13293793
2019,8,122565400,1,11,13298469
2019,3,122540769,11.1,1,13281894
2019,5,122565505,1,11,13293804
2019,1,122540829,27,1,13281898
2019,1,122540837,0.8,1,13281901
2019,2,122540843,0.9,9,13281904
2019,1,122540882,5,1,13281910
2019,4,122540889,0.32,1,13281914
2019,2,122540890,1.1,1,13281915
2019,4,122540894,0.32,1,13281916
2019,2,122540895,1,1,13281917
2019,2,122540899,2,9,13281918
2019,4,122540767,0.15,1,13287982
2019,12,122565603,1,1,13298506
2019,1,122565557,1,11,13298501
2019,4,122565667,1,11,13298513
2019,2,121857533,1.5,1,13146280
2019,4,122565699,43.399,1,13298521
2019,12,122565460,8.339,1,13298479
2019,1,122563456,0.32,1,13293800
2019,2,121857418,1,1,13146246
2019,5,121857418,2.53,1,13146245
2019,1,122565747,0.4,1,13298523
2019,17,122540810,,,13281897
2019,2,122540836,0.2,1,13281900
2019,2,122540848,0.67,1,13292955
2019,15,122565499,1,11,13298490
2019,1,122565499,3.299,1,13298489
2019,13,122540835,1,1,13281899
2019,1,122540841,1.2,1,13281903
2019,4,122569784,1,11,13303358
2019,2,122537717,0.32,1,13292957
2019,16,122540880,0.32,1,13281908
2019,4,122540884,0.48,1,13281911
2019,1,122537758,1,1,13292976
2019,4,121857083,70,9,13146202
2019,1,121857083,1,9,13146203
2019,11,121857252,2,9,13146226
2019,8,121857371,10,9,13146234
2019,2,121857076,0,1,13146201
2019,4,121857113,1.606,1,13146210
2019,1,121841265,1.1,1,13153748
2019,1,121857377,370,1,13146236
2019,1,123885061,8,1,13712693
2019,4,123885097,0.4,1,13697791
2019,2,123880800,0.4,1,13712717
2019,2,123885121,20.1,1,13697797
2019,4,123876860,0.2,1,13707861
2019,5,123880528,,,13712676
2019,5,123880531,13,1,13712677
2019,2,123880543,14.9,1,13712678
2019,4,123876809,,,13712697
2019,16,123876816,29,9,13707850
2019,2,123876816,5,1,13697784
2019,16,123876818,1,9,13707851
2019,1,123880763,0.6,1,13697786
2019,1,123885091,1,1,13697788
2019,2,123876836,3.3,1,13707854
2019,5,123880781,3.3,3,13712711
2019,2,123876855,1.4,1,13712712
2019,13,123880793,6000,9,13697793
2019,1,123880801,0.4,1,13712718
2019,1,123885115,0.4,1,13707865
2019,17,123880938,,,13712740
2019,4,121857398,1,11,13146239
2019,12,121857616,0.74,1,13146284
2019,1,121859768,1,11,13150463
2019,11,121857504,4.5,1,13146276
2019,1,123880775,0.4,1,13712708
2019,4,123885202,20,9,13707888
2019,4,123885203,,,13707890
2019,4,123885242,1,11,13712744
2019,4,123880567,,,13712682
2019,16,126000354,4,9,14344355
2019,8,126000354,2,9,14344356
2019,1,126000236,23.399,1,14344342
2019,2,126000139,1,3,14344315
2019,2,126004879,1,1,14347523
2019,1,126004879,0.24,1,14347522
2019,5,126000195,1.8,1,14344326
2019,8,126000241,99.599,1,14344344
2019,4,126000241,1,1,14344345
2019,4,126000496,0.32,1,14344368
2019,8,126000238,167.8,1,14344343
2019,1,126000287,1,1,14344350
2019,4,126000287,1.5,1,14344349
2019,17,126000301,,,14344352
2019,2,126005210,1,1,14347601
2019,1,126000498,0.4,1,14344369
2019,2,112484513,0.8,1,10696272
2019,4,112485987,0.64,1,10696487
2019,16,112444355,1,11,10682836
2019,2,112476838,0.4,1,10688149
2019,4,112477387,10,9,10688235
2019,8,112438671,36.5,9,10680997
2019,4,112433715,,,10670327
2019,1,112433909,,,10670360
2019,4,112441728,0.64,1,10670386
2019,4,124984584,9,9,13982472
2019,1,124976173,1,11,13982622
2019,2,124976173,1,1,13977745
2019,4,112391433,0.64,1,10668626
2019,12,112394941,1,11,10679271
2019,5,112441455,5,10,10670336
2019,5,112441455,25,4,10670337
2019,4,119069250,0.4,1,12277303
2019,2,119069250,0.3,1,12277304
2019,2,119069289,1.2,1,12277310
2019,4,119071160,154,9,12283334
2019,2,119075280,0.7,1,12279160
2019,8,119069188,2,9,12283367
2019,1,119069198,0.8,1,12283373
2019,2,119071415,0.5,1,12283377
2019,8,119069223,1,11,12277291
2019,12,119069228,0.1,1,12277293
2019,4,119069235,1,11,12277298
2019,4,119075364,0.38,1,12283385
2019,5,117111447,3.3,4,11697616
2019,4,117120198,110,9,11697652
2019,1,115667923,0.3,1,11265902
2019,4,117115410,2,9,11693109
2019,4,117111959,3,9,11697650
2019,5,117115620,1,1,11689462
2019,13,115667768,14,9,11268117
2019,1,115657850,0.6,1,11272868
2019,1,117111846,8,1,11689453
2019,4,117111846,440,9,11689452
2019,12,117115578,2.5,1,11689459
2019,5,117115631,3,1,11693129
2019,1,115657614,1.399,1,11265872
2019,9,115642604,2,9,11266809
2019,1,115648047,1,11,11266810
2019,8,115648047,1,11,11266811
2019,4,117115171,14,9,11689420
2019,1,117111579,0.36,1,11697625
2019,4,117119891,1,11,11689422
2019,8,116530152,3,9,11532536
2019,4,116530152,0.023,1,11532535
2019,5,117119737,34.4,1,11697618
2019,15,117111862,1,11,11693119
2019,8,117112136,1,9,11697656
2019,13,120229763,3.299,9,12761600
2019,12,120229763,1,1,12772478
2019,15,120229763,1,9,12762899
2019,4,120224685,1,11,12772490
2019,17,117115491,25,9,11689449
2019,1,116529717,30.8,1,11520150
2019,1,116519051,0.3,1,11524635
2019,4,116529941,0.1,1,11524642
2019,4,116519172,0.9,1,11520197
2019,9,116530159,1,9,11520207
2019,4,116519352,22,1,11520209
2019,2,116530242,0.8,1,11520214
2019,2,116530250,1.2,1,11520223
2019,1,116530255,0.7,1,11520226
2019,8,116518936,10,9,11524617
2019,16,117119746,18,9,11693088
2019,4,117119746,712,9,11689413
2019,2,117111928,121,1,11697645
2019,1,117111928,359,1,11697644
2019,4,117120205,0.01,1,11693125
2019,12,116519274,9.5,9,11524651
2019,4,116529757,1,9,11520162
2019,2,116530116,3.399,1,11520204
2019,12,116529735,14.15,1,11520155
2019,4,116529959,1,11,11524643
2019,1,116534808,5.299,1,11532518
2019,4,116529978,1,11,11524644
2019,1,116530155,8,1,11520206
2019,5,116529797,13.9,1,11520167
2019,1,116534682,0.2,1,11532497
2019,1,116534779,1,1,11532513
2019,5,116534847,1,11,11532524
2019,12,116519182,15,9,11532525
2019,12,116519182,2,1,11524646
2019,13,116534914,2,9,11524650
2019,2,116530145,80,1,11520205
2019,5,116518898,125.099,1,11532484
2019,16,116529742,1,11,11520157
2019,2,116529742,33.7,1,11524602
2019,8,116529742,1,11,11524603
2019,4,116529922,0.063,1,11520190
2019,2,116534909,1.5,1,11524648
2019,16,116534909,11,1,11524647
2019,2,117111812,5.2,1,11693117
2019,2,117119772,3.589,1,11693090
2019,8,117111708,30,9,11697635
2019,8,117111754,1.1,1,11697638
2019,4,117111481,1.03,1,11697619
2019,4,117111561,10,9,11689416
2019,16,117119828,1,11,11689421
2019,4,117111696,1,11,11689431
2019,5,117119993,4,10,11693105
2019,5,117115029,3.08,1,11689408
2019,17,117111455,1,9,11697617
2019,4,117111455,20,9,11689410
2019,1,117115248,1,1,11689423
2019,4,117119979,152.3,1,11689437
2019,1,117119979,1,1,11693102
2019,1,117111700,1.8,1,11697633
2019,13,117115390,46.02,1,11689439
2019,1,117115452,1,1,11689446
2019,4,117115452,1,1,11689447
2019,13,117115468,15,9,11693112
2019,16,117120120,31,9,11693118
2019,4,117115558,45,9,11689456
2019,1,117115558,27,1,11689457
2019,1,117112084,0.97,1,11697654
2019,2,117112084,0.16,1,11693130
2019,12,117120274,,,11693131
2019,5,117120317,3,1,11693132
2019,5,117115665,1,9,11689464
2019,1,117115670,1,1,11689465
2019,1,117112140,150,1,11697657
2019,1,117115711,8,1,11689466
2019,12,112446249,1.17,1,10683298
2019,4,112486008,0.29,1,10691679
2019,4,112484309,21,1,10686230
2019,16,112484309,44,1,10688123
2019,4,112477396,12.1,1,10696412
2019,1,112477396,0.5,1,10696411
2019,8,112477396,18,9,10688236
2019,8,112481823,1,9,10691658
2019,18,112481823,,,10691659
2019,12,112481823,0.45,1,10691657
2019,1,115481656,12.41,1,11221746
2019,5,115481656,1,1,11210392
2019,16,115473470,1,11,11226742
2019,4,112473645,1,1,10686156
2019,1,112473645,3.2,1,10686155
2019,4,112473864,1,11,10688092
2019,1,112473864,1,11,10688091
2019,1,112474024,0.48,1,10686194
2019,1,112477743,1.1,1,10696505
2019,2,121857457,0.29,1,13146262
2019,8,112485425,15,9,10691646
2019,4,112445923,,,10683229
2019,2,112446448,0.35,1,10683333
2019,4,112446447,0.64,1,10683332
2019,5,112440164,1,1,10681103
2019,1,112445604,0.2,1,10686364
2019,4,112445924,,,10683230
2019,5,112433978,1,9,10670378
2019,4,112446473,0.64,1,10683348
2019,4,112441750,0.64,1,10686458
2019,16,112399615,38,1,10679250
2019,4,112391485,1.9,1,10668646
2019,1,112391485,1,1,10668647
2019,8,112433807,,,10670348
2019,2,112446477,0.3,1,10683352
2019,4,112446477,0.064,1,10683353
2019,16,121849431,0.26,1,13150427
2019,15,120211333,1,11,12762909
2019,5,120211341,1,3,12762911
2019,4,120230264,1,11,12761681
2019,13,120230264,1,11,12761682
2019,4,120230292,1,11,12761688
2019,8,120211469,12,9,12762940
2019,7,120230512,22,9,12762945
2019,12,120230543,,,12762948
2019,4,120230872,0.13,1,12762949
2019,4,120230893,0.51,1,12761756
2019,1,120230934,1,1,12761778
2019,16,119075235,28,3,12279145
2019,4,119068960,290,9,12277231
2019,2,119068960,52,1,12279141
2019,16,119075176,1,9,12283335
2019,4,119075322,0.51,1,12277287
2019,4,119069233,3.2,1,12277295
2019,2,119069233,1.3,1,12277294
2019,4,119075354,0.32,1,12277299
2019,8,119069238,557,9,12277300
2019,8,119075531,6,9,12279209
2019,4,119069476,20,9,12277328
